0.0033135,-1.43801
0.0214365,-1.23947
0.0435982,-1.04345
0.0688129,-0.859742
0.0813922,-0.691975
0.096059,-0.500399
0.118522,-0.0928535
0.126701,0.369453
0.125185,0.580538
0.128288,0.69458
0.124724,0.794785
0.11114,0.852621
0.0833225,0.791769
0.0484297,0.61595
0.0248907,0.402602
0.00823939,0.177453
-0.00862338,-0.0564271
-0.0234846,-0.244769
-0.0297335,-0.318119
-0.0283542,-0.322306
-0.0270021,-0.33275
-0.0190415,-0.230925
-0.013583,-0.0709649
-0.0191666,0.0289346
-0.0268454,0.140189
-0.0342226,0.261549
-0.0408149,0.330159
-0.0453148,0.334329
-0.0490183,0.350617
-0.0501978,0.355885
-0.0531224,0.286754
-0.0592451,0.187173
-0.0635274,0.10878
-0.067026,0.0478469
-0.0712885,-0.0204222
-0.075969,-0.0590825
-0.0797629,-0.0447834
-0.0855237,-0.0411928
-0.0881113,-0.0479067
-0.0868036,-0.024319
-0.084469,-0.00435515
-0.0822575,0.0003448
-0.0789452,0.00685333
-0.0762151,0.0148277
-0.071076,0.0161871
-0.0671667,0.0203858
-0.0667858,0.0282698
-0.0644611,0.0324297
-0.0628775,0.0351793
-0.0616669,0.0415391
-0.0619347,0.046585
-0.0594776,0.0477712
-0.0581844,0.05208
-0.0582799,0.0506544
-0.05769,0.0473722
-0.0561298,0.0430843
-0.0556172,0.0407007
-0.0539201,0.0369499
-0.0523437,0.0317381
-0.0511106,0.0275248
-0.0486714,0.0249856
-0.0456805,0.0188373
-0.0432596,0.0147214
-0.0429714,0.00782029
-0.0434223,-0.00138268
-0.0412357,-0.0101002
-0.0375305,-0.0195899
-0.0353802,-0.0257838
-0.0357356,-0.03527
-0.0318179,-0.0398681
-0.0287251,-0.0466976
-0.0252615,-0.0544812
-0.0238393,-0.059465
-0.0216569,-0.0662889
-0.0180436,-0.0749657
-0.0157864,-0.0801609
-0.0166968,-0.0838522
-0.0105885,-0.0859553
-0.00695594,-0.0854644
-0.00314574,-0.0822446
0.00178976,-0.0781198
0.00949617,-0.0776374
0.0142882,-0.0722325
0.0216093,-0.0748714
0.0264387,-0.0760832
0.0330466,-0.076647
0.0364616,-0.0782327
0.0455563,-0.0743167
0.0574277,-0.0721292
0.0658344,-0.0678479
0.0741207,-0.0662349
0.0854098,-0.0660985
0.0994731,-0.0621545
0.108396,-0.0682693
0.120214,-0.069773
0.124486,-0.0725515
0.131315,-0.079509
0.134788,-0.0817495
0.140562,-0.0829656
0.13885,-0.0735951
0.133358,-0.0690397
0.126296,-0.0705492
0.11935,-0.0625561
0.115865,-0.0668831
0.103537,-0.0698846
0.102575,-0.0640553
0.0973343,-0.0666148
0.0967741,-0.0574098
0.0990296,-0.0507231
0.104209,-0.0469095
0.107278,-0.0412377
0.111343,-0.0433574
0.108089,-0.0333283
0.103133,-0.0285926
0.0976641,-0.0241045
0.0886265,-0.0147957
0.0819943,-0.0123141
0.0729604,-0.00715719
0.0641081,-0.0053408
0.0562159,0.00163096
0.0502044,0.00292739
0.0459297,-0.000697414
0.041113,0.000211202
0.0356769,-0.00128715
0.0322354,-0.00351648
0.0273522,-0.00256645
0.0224283,-0.00541413
0.0200149,-0.00369616
0.017318,-0.00325596
0.0152757,-0.00153378
0.0132058,-0.00151298
0.0113967,-0.00166414
0.00940579,0.000504546
0.00792782,8.15754e-05
0.00636395,0.00145619
0.00477312,0.00292285
0.0039017,0.00462511
0.00294184,0.00645274
0.00327946,0.00758148
0.00363869,0.00978673
0.00374283,0.0115233
0.00278826,0.012401
0.00394028,0.014634
0.00395606,0.0167344
0.00446166,0.0202108
0.00516367,0.0233911
0.00533417,0.0263452
0.00623736,0.0295886
0.00739664,0.0330859
0.00759829,0.0359453
0.00817531,0.038337
0.0107929,0.0383038
0.0108975,0.0391226
0.0116437,0.0388266
0.00986128,0.0388075
0.0104573,0.03806
0.0111141,0.0380126
0.0112417,0.0382733
0.0100609,0.0370072
0.0102343,0.0365059
0.0103567,0.0361142
0.0093328,0.0334584
0.0106737,0.0327075
0.00941469,0.0314649
0.0110696,0.030599
0.0126564,0.030032
0.0139168,0.0285562
0.0139192,0.0288151
0.0150213,0.0296664
0.0124502,0.0259361
0.0152936,0.0262313
0.00950322,0.0239466
0.0119989,0.0230959
0.0137448,0.017924
0.0156303,0.016523
0.0134399,0.0168898
0.0166804,0.0132456
0.0201542,0.0134847
0.0216921,0.0094631
0.0233178,0.00833763
0.0204783,0.00889631
0.0212515,0.00451577
0.0236448,0.00334673
0.0267099,-0.000423998
0.0258375,-0.00291974
0.0300523,-0.00524209
0.0329791,-0.00888216
0.0364636,-0.0112332
0.0331055,-0.0222283
0.0301047,-0.0251796
0.0326585,-0.0293169
0.0310548,-0.0312298
0.026577,-0.0316735
0.023462,-0.0378503
0.0216746,-0.0426085
0.0178971,-0.0447602
0.0158082,-0.0490599
0.0162237,-0.0462936
0.0157105,-0.0484614
0.0184298,-0.0543843
0.0177146,-0.0501675
0.0204093,-0.0553695
0.0260352,-0.0526159
0.0245859,-0.0511835
0.0220396,-0.0538603
0.0225045,-0.0497946
0.0254377,-0.0509229
0.0263621,-0.0473996
0.0322334,-0.0518821
0.0338709,-0.0519719
0.0389295,-0.0563049
0.0417886,-0.0570363
0.0440118,-0.0522155
0.0491239,-0.0536515
0.0540512,-0.0575995
0.056073,-0.0535668
0.0591744,-0.0541778
0.0655207,-0.0524998
0.0703159,-0.0556218
0.066248,-0.0569708
0.0613851,-0.0478569
0.062122,-0.0495464
0.0609526,-0.0422648
0.0621123,-0.0377619
0.0631519,-0.0314018
0.059748,-0.0197182
0.0628326,-0.0144703
0.0595019,-0.00226728
0.064839,0.00113522
0.0600177,0.00396259
0.0599056,0.0194529
0.0586713,0.0202976
0.0592992,0.0267615
0.0657519,0.0292972
0.0678543,0.040474
0.0670611,0.0467958
0.0627918,0.047897
0.0575454,0.0623264
0.0477782,0.0662022
0.0377754,0.0697609
0.0367499,0.0755676
0.0313085,0.0746071
0.0198616,0.0901607
0.0175356,0.0940532
0.00999365,0.0969505
0.00451678,0.103649
-0.00372637,0.106021
-0.0160476,0.116428
-0.0281806,0.118169
-0.0410675,0.116399
-0.0637023,0.121603
-0.0835235,0.118256
-0.0998413,0.116845
-0.117849,0.104949
-0.143651,0.0956086
-0.168279,0.0880794
-0.194411,0.0720936
-0.219738,0.0578687
-0.230828,0.0470751
-0.244965,0.0307136
-0.251172,0.0136563
-0.234722,-0.00349036
-0.203327,-0.0164205
-0.17408,-0.0361044
-0.129864,-0.0486964
-0.0749329,-0.0669796
-0.0213913,-0.0866707
0.0250234,-0.0959323
0.0599433,-0.105195
0.0779747,-0.107127
0.0818434,-0.105639
0.0734863,-0.101277
0.0593063,-0.0922114
0.0533714,-0.0843405
0.053621,-0.0774659
0.0590157,-0.0701189
0.0704407,-0.0682718
0.083974,-0.0648182
0.0938106,-0.063629
0.0969574,-0.0628974
0.0955402,-0.0579986
0.0926625,-0.0576376
0.0886191,-0.0583116
0.0837566,-0.0578185
0.0785001,-0.0577372
0.0758337,-0.057663
0.0754491,-0.0582218
0.0732807,-0.0555325
0.07107,-0.0535547
0.0665981,-0.0527721
0.0627964,-0.0492334
0.0582961,-0.0484768
0.0551507,-0.0436782
0.0512224,-0.0394522
0.0472429,-0.0374591
0.042645,-0.0340641
0.0401201,-0.0327683
0.0395094,-0.0290577
0.0425348,-0.0293509
0.0486256,-0.0270427
0.0466423,-0.0246421
0.048359,-0.0242431
0.0533205,-0.0194469
0.0541362,-0.0168359
0.0544868,-0.0125563
0.0568782,-0.00804027
0.0556505,-0.00790226
0.0522028,-0.00337117
0.0531278,-0.00222628
0.0541602,-0.00119871
0.0540465,0.00707527
0.0559514,0.0129299
0.0517582,0.0202645
0.0509109,0.0237609
0.0505632,0.0257853
0.050947,0.0329821
0.0442579,0.0325019
0.0426796,0.0395735
0.0395906,0.0388678
0.0350073,0.0386097
0.0277943,0.0450479
0.0226387,0.0480529
0.0170229,0.0541601
0.0113261,0.0569759
0.00413268,0.0561364
-0.00734931,0.0665785
-0.0132414,0.0661509
-0.0275608,0.0717526
-0.0371157,0.0725374
-0.0433651,0.0732339
-0.055418,0.0812706
-0.0692537,0.0774733
-0.0847559,0.0787477
-0.098475,0.0732735
-0.112664,0.0692015
-0.133358,0.0727268
-0.154562,0.0679119
-0.170669,0.0701349
-0.182884,0.0605728
-0.191109,0.0531943
-0.197623,0.0510504
-0.192358,0.0421122
-0.17501,0.0276346
-0.156792,0.0054233
-0.131277,-0.0185304
-0.0992301,-0.0310921
-0.0632083,-0.0513194
-0.0315767,-0.0669425
-0.00470688,-0.0883355
0.0111979,-0.0929592
0.0173013,-0.0935147
0.0264744,-0.0943262
0.0270153,-0.0910573
0.0368722,-0.08969
0.0460088,-0.0814031
0.0656063,-0.0785208
0.0892872,-0.0786744
0.108025,-0.0762843
0.132048,-0.0699137
0.143709,-0.074317
0.147996,-0.0673084
0.150248,-0.0678919
0.146216,-0.0639097
0.141075,-0.0646994
0.129129,-0.0691743
0.116189,-0.0682276
0.0994261,-0.0737923
0.0864565,-0.0710982
0.0736195,-0.0639394
0.05733,-0.0644353
0.0436118,-0.0632021
0.0331626,-0.0639246
0.0280621,-0.0639224
0.0276609,-0.0723236
0.024696,-0.068231
0.0243175,-0.0655765
0.0241023,-0.065127
0.0256493,-0.0621431
0.0228098,-0.0622949
0.0231974,-0.0616139
0.0241768,-0.0594918
0.0246412,-0.0605334
0.0269514,-0.056456
0.0276824,-0.054151
0.0336434,-0.0562785
0.0423624,-0.0553919
0.0476168,-0.0567686
0.0556931,-0.0512683
0.0602903,-0.0562058
0.068829,-0.0566752
0.0739922,-0.0535371
0.0810465,-0.0526945
0.08893,-0.05013
0.096837,-0.052474
0.106116,-0.0462215
0.108093,-0.0392234
0.111549,-0.0411613
0.112625,-0.0311429
0.113438,-0.0301604
0.110781,-0.0287885
0.104274,-0.0238548
0.0916209,-0.0211801
0.0773277,-0.0151807
0.0673565,-0.00671729
0.0516528,-0.00394127
0.0359995,0.00640127
0.0223429,0.00804152
0.0118356,0.0205334
-0.000552713,0.022852
-0.00989808,0.02284
-0.0199733,0.0305081
-0.0283386,0.0331134
-0.0335507,0.0389377
-0.0422492,0.0425211
-0.0517519,0.0458426
-0.0632015,0.0475604
-0.0771903,0.0406279
-0.0910362,0.0467114
-0.100288,0.0502039
-0.111267,0.0555197
-0.114274,0.0591854
-0.117048,0.0609635
-0.120084,0.0662073
-0.121449,0.0612177
-0.112726,0.0583378
-0.10541,0.0571618
-0.0981116,0.0464374
-0.0840394,0.0469147
-0.0747977,0.0408293
-0.0638812,0.033026
-0.0546756,0.0281717
-0.0461803,0.0241796
-0.0376524,0.0249155
-0.029475,0.0318119
-0.0255966,0.030562
-0.019487,0.0315945
-0.0195264,0.0194926
-0.0173579,0.0186827
-0.00929207,0.0145942
-0.00856378,0.00815545
-0.00901531,0.00580285
-0.0108909,0.00470107
-0.0167219,0.00705265
-0.0221293,0.00114738
-0.0239714,0.00486519
-0.0219251,0.00118344
-0.0243242,-0.00224261
-0.0258119,-0.00418956
-0.0249214,-0.00653899
-0.0231697,-0.00702499
-0.0281398,-0.00357232
-0.0352438,-0.00986924
-0.0391995,-0.0119189
-0.0464852,-0.018242
-0.0477268,-0.0231359
-0.0510722,-0.0238688
-0.0531728,-0.0374522
-0.0554395,-0.033773
-0.0523904,-0.0331773
-0.0474142,-0.0452844
-0.0481397,-0.0440351
-0.0467697,-0.0486998
-0.0450259,-0.0526261
-0.0426291,-0.0561969
-0.030745,-0.0594811
-0.0231728,-0.0568527
-0.0165227,-0.0634824
-0.0106068,-0.0636423
0.00322979,-0.0714895
0.00984555,-0.0810236
0.0185431,-0.0814598
0.0346925,-0.0930457
0.0496261,-0.0947279
0.0638782,-0.0951139
0.0745462,-0.0960436
0.0852483,-0.0968996
0.100115,-0.113635
0.121512,-0.107358
0.131357,-0.111824
0.136734,-0.116163
0.15091,-0.106325
0.164306,-0.105651
0.171066,-0.0996167
0.168635,-0.0937676
0.161758,-0.0773304
0.155046,-0.0690211
0.142858,-0.0688074
0.115838,-0.0636402
0.0984491,-0.0614746
0.0778894,-0.0652044
0.0526007,-0.0572951
0.0299689,-0.0552149
0.0195558,-0.0491631
0.0159832,-0.0535124
0.0121157,-0.0500684
0.0119928,-0.0495017
0.0105354,-0.0527123
0.00956737,-0.0530785
0.0083029,-0.0507723
-0.00223677,-0.0504967
-0.0121501,-0.0384888
-0.0199298,-0.0332425
-0.0216925,-0.0354299
-0.0196305,-0.0341579
-0.0139516,-0.0380258
-0.0159583,-0.038876
-0.0143909,-0.0441389
-0.0166518,-0.0441266
-0.019082,-0.0464608
-0.0183927,-0.0491815
-0.0211378,-0.046322
-0.0186171,-0.0480635
-0.0165426,-0.0473009
-0.0126339,-0.0494349
-0.0116357,-0.0521742
-0.0112337,-0.0536184
-0.0130302,-0.0567903
-0.0153424,-0.0565487
-0.0162065,-0.0573717
-0.0166024,-0.0588788
-0.015923,-0.0582574
-0.0142283,-0.0609796
-0.0162359,-0.059407
-0.0185324,-0.0590485
-0.0196566,-0.058166
-0.0230406,-0.0561436
-0.0278092,-0.0545469
-0.0300094,-0.0520734
-0.0322048,-0.0513512
-0.0349518,-0.0494513
-0.0359386,-0.0486912
-0.0403695,-0.0511713
-0.0450269,-0.0513683
-0.0497143,-0.0512048
-0.0529954,-0.0503752
-0.0564543,-0.0523118
-0.0575657,-0.0542253
-0.0587501,-0.0544216
-0.0601714,-0.0549215
-0.0595305,-0.0571264
-0.0584485,-0.0588651
-0.0568922,-0.0605926
-0.0545071,-0.0609885
-0.0510124,-0.0642925
-0.0467355,-0.070257
-0.0409095,-0.0718642
-0.0367535,-0.079382
-0.0328476,-0.0819559
-0.0264252,-0.0866431
-0.0204903,-0.0881823
-0.0152243,-0.0872361
-0.0113731,-0.0895325
-0.00357058,-0.087966
0.00292164,-0.0851664
0.0100579,-0.0832098
0.0153422,-0.0790435
0.0217564,-0.0723386
0.025392,-0.0676527
0.028959,-0.0638306
0.0299473,-0.0594078
0.0282436,-0.0502273
0.0257822,-0.0504095
0.0254541,-0.04029
0.0220424,-0.0303602
0.0171164,-0.0259236
0.0126493,-0.0185026
0.00511759,-0.0106212
-0.0020309,-0.00185979
-0.0108545,0.0071914
-0.0174121,0.0129635
-0.0241279,0.0197418
-0.0288237,0.0225906
-0.0371894,0.0320947
-0.047327,0.039334
-0.0614247,0.0523026
-0.0733542,0.0689863
-0.0889054,0.0803476
-0.103002,0.0972727
-0.117299,0.111332
-0.129069,0.122703
-0.139276,0.141364
-0.150936,0.150889
-0.155013,0.159999
-0.155532,0.16701
-0.151031,0.171621
-0.14723,0.168781
-0.139567,0.164484
-0.129405,0.165128
-0.117268,0.158326
-0.107094,0.152991
-0.0964665,0.159182
-0.0907044,0.162823
-0.0892607,0.173385
-0.0908058,0.188592
-0.102213,0.212234
-0.121936,0.235037
-0.142876,0.250405
-0.168589,0.268577
-0.197737,0.274783
-0.235517,0.288
-0.273828,0.299053
-0.312252,0.306281
-0.348548,0.320329
-0.383025,0.330957
-0.413728,0.329489
-0.424013,0.334853
-0.416915,0.334148
-0.400453,0.329721
-0.378292,0.324256
-0.351868,0.317867
-0.321169,0.310353
-0.293379,0.304961
-0.270338,0.30298
-0.256088,0.302951
-0.25133,0.306103
-0.258871,0.317207
-0.276719,0.331685
-0.300989,0.346552
-0.327412,0.36088
-0.354631,0.374863
-0.380974,0.383138
-0.400613,0.382921
-0.413224,0.381763
-0.420934,0.385077
-0.42286,0.387724
-0.418129,0.382623
-0.407685,0.374083
-0.392759,0.368706
-0.379398,0.362626
-0.368851,0.350521
-0.35863,0.344322
-0.347016,0.332545
-0.341093,0.318987
-0.339222,0.301888
-0.338794,0.285538
-0.342761,0.273368
-0.348972,0.263652
-0.355061,0.258446
-0.359568,0.245448
-0.367655,0.249776
-0.37167,0.254198
-0.372942,0.242952
-0.372907,0.235082
-0.371465,0.228638
-0.370395,0.22629
-0.366674,0.220754
-0.361832,0.207442
-0.356065,0.201813
-0.346748,0.193819
-0.338823,0.188971
-0.329119,0.185666
-0.313116,0.173907
-0.296656,0.160436
-0.277064,0.142571
-0.258861,0.127541
-0.241021,0.109072
-0.223772,0.0904106
-0.208902,0.0786935
-0.196114,0.0703766
-0.18356,0.060304
-0.173846,0.0554599
-0.165385,0.0523822
-0.159288,0.04394
-0.153388,0.0345188
-0.149058,0.0247243
-0.145712,0.0102723
-0.144237,-0.00620965
-0.142842,-0.0232539
-0.1395,-0.0423483
-0.136548,-0.064197
-0.132922,-0.0887229
-0.124089,-0.11567
-0.112494,-0.145458
-0.0987543,-0.176846
-0.0822642,-0.208282
-0.0657576,-0.234198
-0.0471012,-0.259815
-0.0295821,-0.282832
-0.0119898,-0.284232
0.00371591,-0.276377
0.0161676,-0.271067
0.028004,-0.251995
0.0397729,-0.238117
0.0541394,-0.236887
0.0739852,-0.238845
0.0973821,-0.242321
0.126672,-0.253749
0.156513,-0.272905
0.184165,-0.287938
0.208864,-0.301269
0.238144,-0.316723
0.268623,-0.332793
0.291328,-0.345182
0.307666,-0.354612
0.315047,-0.361431
0.316665,-0.36728
0.310812,-0.369262
0.301472,-0.368896
0.291246,-0.367536
0.284716,-0.364643
0.280322,-0.361965
0.28099,-0.36394
0.288408,-0.371953
0.300511,-0.381524
0.315933,-0.393818
0.33557,-0.411434
0.353807,-0.426463
0.373629,-0.439903
0.391229,-0.452466
0.406712,-0.465413
0.419075,-0.472267
0.428465,-0.467379
0.436141,-0.462415
0.439596,-0.454611
0.442883,-0.437921
0.445266,-0.424207
0.448309,-0.413498
0.453592,-0.399857
0.458626,-0.38608
0.467091,-0.380604
0.473907,-0.382424
0.481222,-0.38322
0.487052,-0.386018
0.489483,-0.394959
0.490219,-0.401443
0.490398,-0.404357
0.489648,-0.407574
0.489747,-0.405919
0.489969,-0.397118
0.492775,-0.385374
0.496909,-0.373033
0.503805,-0.357707
0.511523,-0.344984
0.520548,-0.329967
0.528853,-0.314558
0.537135,-0.304658
0.542395,-0.291837
0.543603,-0.278483
0.539428,-0.274369
0.531626,-0.267797
0.520468,-0.259008
0.508345,-0.257054
0.498588,-0.250355
0.489139,-0.239509
0.483094,-0.231173
0.479393,-0.222297
0.480853,-0.211032
0.484181,-0.201782
0.488082,-0.188281
0.490267,-0.171674
0.49083,-0.154479
0.48658,-0.132072
0.478131,-0.111436
0.463776,-0.10025
0.446083,-0.0841615
0.426308,-0.0677529
0.406879,-0.0647528
0.387823,-0.0557526
0.371188,-0.041392
0.357251,-0.0341417
0.347358,-0.0221251
0.339722,-0.00372356
0.332638,0.014945
0.328025,0.0358171
0.321798,0.0622309
0.315183,0.0922649
0.308793,0.123347
0.296004,0.15965
0.280073,0.198311
0.260977,0.242945
0.23828,0.28067
0.215547,0.306281
0.191615,0.337316
0.167838,0.353909
0.145625,0.349354
0.127746,0.350419
0.111135,0.359859
0.0987563,0.361714
0.0904214,0.365956
0.0863694,0.383604
0.0860877,0.399943
0.0871043,0.410848
0.0881576,0.428565
0.0861619,0.447612
0.0790311,0.463588
0.0662399,0.48021
0.0468244,0.495376
0.0224482,0.511745
-0.00650513,0.526274
-0.0373953,0.537368
-0.0660472,0.555035
-0.0933463,0.572233
-0.121522,0.584502
-0.149796,0.60181
-0.18148,0.621696
-0.215943,0.641142
-0.254741,0.660718
-0.294086,0.678152
-0.330506,0.687397
-0.360071,0.688545
-0.382077,0.684464
-0.393902,0.671135
-0.395968,0.659591
-0.38948,0.654346
-0.375745,0.649825
-0.359551,0.652525
-0.342934,0.664188
-0.331999,0.678351
-0.329662,0.680039
-0.3348,0.679703
-0.350526,0.678129
-0.374572,0.666235
-0.403823,0.654115
-0.434231,0.648031
-0.463332,0.645572
-0.490487,0.639319
-0.511885,0.641835
-0.52714,0.655677
-0.536203,0.658565
-0.536371,0.649771
-0.530627,0.643155
-0.519314,0.62731
-0.504232,0.595248
-0.49003,0.562454
-0.475024,0.542776
-0.465571,0.524626
-0.463747,0.500382
-0.467941,0.491704
-0.483268,0.504384
-0.50232,0.505828
-0.529032,0.495441
-0.554306,0.495444
-0.57936,0.490758
-0.600465,0.467019
-0.615498,0.434219
-0.622563,0.404676
-0.622283,0.370341
-0.614106,0.333467
-0.597726,0.304762
-0.575279,0.279816
-0.547333,0.260577
-0.520835,0.238218
-0.498965,0.214922
-0.485299,0.205063
-0.481689,0.195463
-0.487185,0.181891
-0.498361,0.173924
-0.514085,0.166201
-0.531369,0.153807
-0.542348,0.134444
-0.551386,0.120383
-0.550606,0.0990069
-0.543881,0.0798393
-0.530371,0.0569457
-0.508905,0.0320411
-0.482095,0.00932619
-0.453862,-0.0194295
-0.424831,-0.0520412
-0.402798,-0.0781407
-0.386494,-0.108895
-0.375466,-0.144003
-0.371424,-0.181454
-0.372183,-0.223331
-0.375203,-0.264465
-0.377187,-0.299358
-0.376827,-0.328031
-0.372675,-0.34854
-0.364406,-0.343713
-0.353443,-0.346379
-0.33881,-0.354013
-0.321714,-0.349154
-0.301994,-0.355985
-0.285655,-0.375317
-0.267411,-0.389456
-0.255207,-0.391649
-0.242871,-0.405019
-0.233628,-0.420561
-0.226765,-0.429239
-0.222881,-0.44354
-0.219047,-0.458857
-0.213706,-0.470319
-0.207186,-0.477444
-0.198414,-0.483693
-0.186411,-0.499135
-0.17101,-0.516995
-0.152619,-0.535132
-0.132079,-0.560118
-0.110557,-0.587083
-0.0901269,-0.609104
-0.0725755,-0.630444
-0.0586715,-0.651369
-0.0502389,-0.656302
-0.0452522,-0.65958
-0.0440977,-0.665089
-0.0428088,-0.655275
-0.0394129,-0.641495
-0.0342965,-0.63533
-0.0276844,-0.634301
-0.0104713,-0.638939
0.00915317,-0.652582
0.0317218,-0.67904
0.0558707,-0.700564
0.0824294,-0.709956
0.109288,-0.720481
0.138617,-0.729465
0.170004,-0.728178
0.203369,-0.715304
0.239532,-0.713813
0.273732,-0.718447
0.307481,-0.720765
0.335248,-0.730031
0.355232,-0.750204
0.365265,-0.757324
0.367684,-0.750499
0.364092,-0.750353
0.35538,-0.736833
0.345753,-0.708897
0.337472,-0.69348
0.333051,-0.689633
0.333694,-0.680182
0.343311,-0.683663
0.35863,-0.698984
0.381821,-0.702184
0.406545,-0.696204
0.435693,-0.703971
0.460617,-0.698741
0.481772,-0.680964
0.495799,-0.668084
0.507065,-0.663251
0.513892,-0.653686
0.514905,-0.649077
0.515481,-0.652374
0.515159,-0.643962
0.515363,-0.631543
0.51802,-0.619493
0.522789,-0.602082
0.531865,-0.57535
0.545497,-0.547805
0.561028,-0.528116
0.578231,-0.513043
0.595335,-0.498711
0.611298,-0.48841
0.62448,-0.491055
0.632414,-0.484595
0.635329,-0.46561
0.632508,-0.454664
0.627928,-0.434317
0.623676,-0.403715
0.618978,-0.378883
0.617795,-0.35222
0.618443,-0.319042
0.622676,-0.294581
0.630973,-0.273805
0.637813,-0.248735
0.643814,-0.236264
0.645862,-0.221447
0.643877,-0.200641
0.636901,-0.186167
0.626472,-0.166055
0.614898,-0.139953
0.603824,-0.11993
0.594035,-0.0955337
0.586377,-0.0692379
0.581665,-0.0552003
0.578313,-0.0390362
0.576144,-0.0175448
0.571918,-0.00500947
0.564885,0.0161156
0.553798,0.0424637
0.53976,0.070623
0.524163,0.10614
0.508969,0.144993
0.494807,0.189536
0.481538,0.23894
0.469959,0.286223
0.461387,0.323865
0.454373,0.363807
0.446493,0.396325
0.435947,0.406036
0.425531,0.416217
0.411989,0.431091
0.394224,0.429963
0.37485,0.428386
0.354432,0.441046
0.333658,0.445952
0.311629,0.448922
0.290935,0.462049
0.269351,0.47705
0.250702,0.49313
0.229831,0.516857
0.210941,0.544163
0.193264,0.573259
0.174761,0.603915
0.157401,0.630613
0.138316,0.659845
0.121,0.693789
0.105104,0.721963
0.0889285,0.742174
0.0736205,0.760971
0.0596132,0.763497
0.0490293,0.761318
0.0388161,0.763288
0.0274575,0.762597
0.0156714,0.764986
0.00039853,0.775457
-0.019664,0.792647
-0.0419929,0.816457
-0.070247,0.832234
-0.0999949,0.841705
-0.132054,0.849551
-0.166488,0.848588
-0.202914,0.841817
-0.242284,0.844439
-0.281924,0.84958
-0.321231,0.859561
-0.353385,0.876148
-0.378079,0.882201
-0.395163,0.877126
-0.402712,0.864443
-0.4005,0.845827
-0.391261,0.829065
-0.376668,0.814048
-0.359323,0.808621
-0.343733,0.819464
-0.33587,0.820489
-0.333607,0.808962
-0.340019,0.797756
-0.353705,0.781389
-0.374314,0.761798
-0.397934,0.750134
-0.422717,0.74292
-0.445691,0.740769
-0.466949,0.749473
-0.483463,0.742702
-0.498005,0.724662
-0.505993,0.709925
-0.511126,0.6837
-0.513104,0.64948
-0.514745,0.628961
-0.516386,0.611554
-0.520267,0.589415
-0.524171,0.581398
-0.531435,0.577565
-0.537283,0.561687
-0.544178,0.548544
-0.547067,0.533217
-0.548814,0.508251
-0.548107,0.476096
-0.548429,0.441481
-0.548072,0.41434
-0.54907,0.390917
-0.551632,0.361053
-0.557489,0.337352
-0.56717,0.327116
-0.577594,0.317178
-0.589124,0.298875
-0.598242,0.288697
-0.603612,0.278414
-0.604402,0.253415
-0.599325,0.22787
-0.589693,0.200855
-0.574589,0.167478
-0.556257,0.128667
-0.538474,0.0915028
-0.521421,0.0555117
-0.510062,0.0325809
-0.504852,0.0115029
-0.503613,-0.0103287
-0.507243,-0.0218176
-0.514549,-0.0356374
-0.520791,-0.054502
-0.526815,-0.0779534
-0.526835,-0.108312
-0.522572,-0.142026
-0.512833,-0.180342
-0.49827,-0.220726
-0.478819,-0.261763
-0.459466,-0.297348
-0.440221,-0.329424
-0.424283,-0.354849
-0.412343,-0.354443
-0.40638,-0.354762
-0.406766,-0.360227
-0.409902,-0.351502
-0.413923,-0.347182
-0.416902,-0.358715
-0.416261,-0.370737
-0.409721,-0.38116
-0.399266,-0.404324
-0.383199,-0.43447
-0.365553,-0.459703
-0.341351,-0.485158
-0.319513,-0.501705
-0.298553,-0.518469
-0.278679,-0.537188
-0.26185,-0.54386
-0.248929,-0.554069
-0.239919,-0.564276
-0.234999,-0.562629
-0.231839,-0.565247
-0.229735,-0.576791
-0.229171,-0.58549
-0.227716,-0.595339
-0.225632,-0.616574
-0.219175,-0.638102
-0.209244,-0.65112
-0.193034,-0.659699
-0.173266,-0.665967
-0.151185,-0.670646
-0.125771,-0.669811
-0.101088,-0.664012
-0.0773298,-0.664807
-0.0586878,-0.667486
-0.046917,-0.668299
-0.043015,-0.675109
-0.0453759,-0.693335
-0.0517902,-0.70518
-0.0591958,-0.701988
-0.0649779,-0.704895
-0.0645259,-0.701427
-0.0583121,-0.687875
-0.0476682,-0.676942
-0.0322175,-0.676014
-0.0136458,-0.677399
0.00622107,-0.681206
0.0274413,-0.697384
0.0485307,-0.714446
0.0719536,-0.716116
0.0953405,-0.714465
0.120836,-0.716716
0.149088,-0.707742
0.180125,-0.687658
0.21305,-0.67607
0.246385,-0.671891
0.278697,-0.664562
0.307812,-0.664203
0.330264,-0.674254
0.343121,-0.676106
0.349141,-0.665399
0.346547,-0.65786
0.340199,-0.646029
0.329875,-0.618797
0.321382,-0.594254
0.316932,-0.582884
0.318436,-0.569274
0.325133,-0.559166
0.339951,-0.566677
0.360493,-0.575528
0.38473,-0.571373
0.410429,-0.570054
0.435251,-0.565785
0.457521,-0.552483
0.474528,-0.533239
0.488137,-0.511008
0.497086,-0.485198
0.498613,-0.455146
0.498709,-0.434617
0.498288,-0.414124
0.497336,-0.403505
0.496244,-0.397509
0.497645,-0.388322
0.502579,-0.384423
0.511166,-0.378759
0.522959,-0.370381
0.539458,-0.360452
0.557811,-0.345791
0.57788,-0.33107
0.595705,-0.315116
0.611205,-0.294032
0.622636,-0.268695
0.62632,-0.246091
0.625803,-0.219485
0.622568,-0.189174
0.617837,-0.170302
0.612934,-0.1517
0.608575,-0.130973
0.607848,-0.123377
0.61116,-0.118226
0.617151,-0.109577
0.625211,-0.113634
0.633599,-0.114078
0.640451,-0.108509
0.64399,-0.104218
0.64291,-0.0933381
0.638358,-0.0728215
0.629809,-0.0499121
0.619772,-0.025023
0.610495,0.00295374
0.603413,0.0283538
0.600182,0.0569249
0.598376,0.0874213
0.598695,0.120199
0.598461,0.157998
0.59668,0.197919
0.588326,0.238363
0.576727,0.277738
0.56206,0.315883
0.544172,0.334415
0.526356,0.347697
0.510232,0.361171
0.497754,0.355582
0.488756,0.348238
0.483106,0.351994
0.47906,0.348709
0.475909,0.343561
0.470968,0.348345
0.460513,0.35522
0.445538,0.364645
0.42651,0.38169
0.402442,0.407888
0.37845,0.436137
0.352216,0.463801
0.326802,0.488644
0.304572,0.517564
0.283628,0.541944
0.266191,0.555509
0.251959,0.576152
0.239394,0.600864
0.226029,0.609735
0.215553,0.61171
0.204332,0.618879
0.19041,0.61685
0.174822,0.604521
0.157921,0.59817
0.138813,0.601093
0.119008,0.603469
0.0982828,0.609521
0.0801391,0.629656
0.064253,0.651224
0.0508739,0.671354
0.0409572,0.690854
0.0336113,0.706137
0.0253123,0.714272
0.0128007,0.710295
-0.00135291,0.699907
-0.0193196,0.694552
-0.0425211,0.690642
-0.0699928,0.686051
-0.100784,0.691949
-0.134135,0.706606
-0.169753,0.724881
-0.20932,0.736417
-0.252313,0.747153
-0.296241,0.753256
-0.340887,0.750623
-0.378951,0.74023
-0.409838,0.740452
-0.428598,0.739862
-0.438235,0.733166
-0.439899,0.735779
-0.433002,0.743129
-0.424435,0.740684
-0.416756,0.731102
-0.414204,0.720892
-0.417261,0.70399
-0.426426,0.684223
-0.442605,0.674399
-0.461944,0.671848
-0.485,0.668581
-0.507918,0.672771
-0.52977,0.687549
-0.548581,0.692437
-0.564721,0.68787
-0.576993,0.68009
-0.586477,0.66542
-0.592753,0.640637
-0.59806,0.620354
-0.604173,0.608046
-0.61313,0.592079
-0.624559,0.58508
-0.638559,0.589097
-0.655165,0.587815
-0.67164,0.585337
-0.686243,0.580625
-0.696603,0.565089
-0.70296,0.538634
-0.704396,0.508282
-0.704515,0.482804
-0.703583,0.460077
-0.705438,0.438272
-0.711623,0.417539
-0.721046,0.409236
-0.735785,0.406756
-0.752604,0.39985
-0.767994,0.397329
-0.778368,0.394565
-0.783046,0.37984
-0.782198,0.35786
-0.777775,0.331138
-0.770765,0.301215
-0.763667,0.264703
-0.759997,0.228295
-0.759323,0.195503
-0.760401,0.171463
-0.762008,0.150769
-0.762656,0.128186
-0.759915,0.115749
-0.75279,0.104904
-0.742596,0.0891508
-0.732523,0.0847897
-0.724632,0.079113
-0.719462,0.0730853
-0.715355,0.0697299
-0.714607,0.062176
-0.712734,0.0471343
-0.70623,0.0289541
-0.696358,0.00584196
-0.681358,-0.0232709
-0.661641,-0.0536057
-0.642974,-0.0864582
-0.626596,-0.123025
-0.614757,-0.162214
-0.607593,-0.204872
-0.603593,-0.249315
-0.59991,-0.28908
-0.595864,-0.325732
-0.589144,-0.349148
-0.576775,-0.346743
-0.56045,-0.352188
-0.541856,-0.359397
-0.521403,-0.348944
-0.502596,-0.345512
-0.486581,-0.352852
-0.471487,-0.350304
-0.457771,-0.345061
-0.446839,-0.352771
-0.435784,-0.370028
-0.421288,-0.383777
-0.404454,-0.403403
-0.385574,-0.43051
-0.363568,-0.457443
-0.338746,-0.47992
-0.311381,-0.501242
-0.285015,-0.527184
-0.259202,-0.548913
-0.23589,-0.556363
-0.216639,-0.561303
-0.199231,-0.569402
-0.183573,-0.565336
-0.169722,-0.556403
-0.155771,-0.555096
-0.142278,-0.550111
-0.127795,-0.544689
-0.110852,-0.547672
-0.0932536,-0.558926
-0.0772134,-0.570287
-0.0593345,-0.585324
-0.0438105,-0.607333
-0.0292214,-0.619797
-0.0149746,-0.62062
0.00188321,-0.622061
0.0182313,-0.621858
0.0397,-0.614865
0.0653281,-0.601975
0.0947365,-0.595106
0.12579,-0.593146
0.159545,-0.590527
0.198324,-0.596515
0.239607,-0.610427
0.280883,-0.628917
0.3212,-0.634231
0.36119,-0.637087
0.39197,-0.642098
0.412435,-0.635538
0.424835,-0.623921
0.429542,-0.607167
0.42802,-0.591216
0.423826,-0.576686
0.418428,-0.563073
0.415222,-0.557575
0.414759,-0.560705
0.417266,-0.566666
0.424025,-0.564848
0.435407,-0.562656
0.450993,-0.562637
0.469923,-0.553946
0.49185,-0.54244
0.512956,-0.529203
0.533198,-0.515373
0.55333,-0.503902
0.570819,-0.495149
0.58843,-0.489958
0.603923,-0.484666
0.617776,-0.484887
0.631629,-0.482923
0.644341,-0.472763
0.654706,-0.464093
0.661139,-0.452507
0.664638,-0.434968
0.666394,-0.418561
0.667145,-0.39837
0.666469,-0.376102
0.66766,-0.357258
0.671837,-0.339791
0.678516,-0.319786
0.690064,-0.313389
0.705979,-0.311235
0.72214,-0.304539
0.737365,-0.305542
0.749875,-0.306937
0.757606,-0.299446
0.75934,-0.291485
0.755136,-0.279777
0.748092,-0.260723
0.740068,-0.2394
0.733752,-0.215939
0.731396,-0.189822
0.733907,-0.170453
0.737898,-0.14978
0.740359,-0.127345
0.74181,-0.115104
0.73901,-0.0990881
0.733207,-0.0820223
0.724667,-0.0790337
0.713903,-0.0774797
0.704725,-0.0706467
0.699974,-0.0727663
0.696649,-0.0727888
0.69726,-0.0631361
0.695367,-0.0523023
0.691566,-0.0408665
0.684823,-0.0246203
0.673158,-0.00646647
0.660386,0.013852
0.646571,0.035641
0.63297,0.058934
0.619991,0.0811316
0.6135,0.107574
0.609673,0.13633
0.606583,0.167
0.599639,0.198692
0.58985,0.227891
0.575325,0.254819
0.558577,0.277139
0.53831,0.279194
0.517923,0.272786
0.500719,0.26892
0.485661,0.254176
0.476123,0.239089
0.46839,0.239202
0.461686,0.238868
0.454284,0.236178
0.444112,0.243897
0.431215,0.257444
0.411457,0.270019
0.386972,0.284535
0.358047,0.307255
0.328257,0.331865
0.298255,0.352059
0.270557,0.367941
0.244904,0.38677
0.222288,0.400764
0.202002,0.404603
0.18379,0.408583
0.167644,0.412084
0.152919,0.405147
0.139949,0.395962
0.124768,0.390427
0.109729,0.385412
0.0964453,0.381959
0.0829637,0.386954
0.0716701,0.399221
0.0587104,0.410914
0.0462828,0.420656
0.0337527,0.435673
0.0192531,0.449312
0.00279068,0.459531
-0.0182762,0.474035
-0.0414906,0.479601
-0.0693052,0.479822
-0.101647,0.481059
-0.134081,0.481532
-0.167958,0.474708
-0.205634,0.462562
-0.246616,0.451432
-0.289785,0.444123
-0.329329,0.440586
-0.363244,0.441395
-0.390705,0.445865
-0.409781,0.45358
-0.419894,0.460521
-0.422163,0.463088
-0.417818,0.46896
-0.407787,0.478246
-0.3972,0.482931
-0.38763,0.481216
-0.382323,0.482313
-0.38181,0.47371
-0.388221,0.459949
-0.402983,0.444334
-0.423284,0.431739
-0.445583,0.417414
-0.470841,0.41119
-0.499538,0.409541
-0.526187,0.415421
-0.54607,0.417762
-0.563534,0.417947
-0.576757,0.420804
-0.588058,0.426242
-0.601426,0.429288
-0.611346,0.430442
-0.61879,0.431609
-0.626759,0.427671
-0.632872,0.420945
-0.633557,0.404744
-0.633624,0.386301
-0.633466,0.368223
-0.633431,0.34646
-0.634524,0.328481
-0.639749,0.326378
-0.649259,0.319275
-0.667191,0.317034
-0.684301,0.320666
-0.704217,0.321763
-0.722862,0.315413
-0.738516,0.311039
-0.749842,0.311487
-0.751775,0.306127
-0.747249,0.296095
-0.737714,0.286711
-0.72684,0.276699
-0.715904,0.260859
-0.706658,0.241747
-0.70518,0.224303
-0.707318,0.20789
-0.713328,0.19106
-0.7195,0.17133
-0.723787,0.157921
-0.727799,0.147228
-0.728002,0.13107
-0.724081,0.118597
-0.717439,0.113445
-0.711973,0.107943
-0.707182,0.110958
-0.702126,0.115453
-0.698139,0.113496
-0.692075,0.112086
-0.683674,0.108292
-0.671665,0.0990015
-0.655488,0.0881283
-0.637787,0.0741924
-0.618821,0.0577868
-0.603718,0.0403793
-0.594762,0.0228996
-0.591227,0.00419879
-0.590747,-0.0108042
-0.589851,-0.0287135
-0.587943,-0.0491162
-0.582352,-0.0696133
-0.570749,-0.0936719
-0.554742,-0.120317
-0.531333,-0.151033
-0.504925,-0.182524
-0.475947,-0.21472
-0.449238,-0.240143
-0.426902,-0.262381
-0.407848,-0.27613
-0.394386,-0.268266
-0.384908,-0.256103
-0.377897,-0.242982
-0.371164,-0.219848
-0.361028,-0.199483
-0.34803,-0.192121
-0.330711,-0.193273
-0.311368,-0.193943
-0.287599,-0.202821
-0.2602,-0.224838
-0.23058,-0.244391
-0.200376,-0.263201
-0.169824,-0.286474
-0.143032,-0.308339
-0.119472,-0.323148
-0.0987933,-0.332998
-0.0800791,-0.34415
-0.066389,-0.353583
-0.0572029,-0.357695
-0.0526665,-0.360376
-0.0508925,-0.36227
-0.0473705,-0.361999
-0.0421118,-0.36162
-0.0302356,-0.368792
-0.00935036,-0.374159
0.0208844,-0.384741
0.0603942,-0.401432
0.107244,-0.415486
0.159034,-0.430039
0.21431,-0.446402
0.272141,-0.456755
0.331967,-0.472983
0.395035,-0.497203
0.455306,-0.51969
0.507048,-0.541248
0.548478,-0.564109
0.577327,-0.581971
0.594061,-0.595706
0.6029,-0.604352
0.601755,-0.603588
0.595515,-0.600475
0.591735,-0.597262
0.591806,-0.589411
0.596651,-0.577709
0.606836,-0.571588
0.624306,-0.573833
0.651249,-0.576438
0.685747,-0.588039
0.72508,-0.61148
0.765768,-0.638451
0.80725,-0.658366
0.842326,-0.670292
0.870688,-0.681045
0.88955,-0.687935
0.899592,-0.678664
0.901403,-0.664312
0.898058,-0.652969
0.893899,-0.640649
0.891311,-0.627457
0.894181,-0.628152
0.900497,-0.642394
0.911535,-0.650351
0.92474,-0.649295
0.938077,-0.655661
0.951995,-0.657094
0.966514,-0.64613
0.980581,-0.627639
0.995464,-0.617483
1.01213,-0.609096
1.02758,-0.600732
1.04038,-0.59975
1.04599,-0.605488
1.04621,-0.609223
1.04338,-0.599931
1.03976,-0.590875
1.03761,-0.582232
1.03887,-0.567888
1.04012,-0.551195
1.0396,-0.535959
1.03832,-0.51964
1.03777,-0.504408
1.03655,-0.49584
1.03625,-0.485957
1.03711,-0.479293
1.03692,-0.481973
1.0338,-0.474957
1.02603,-0.463144
1.01492,-0.453413
1.00257,-0.432487
0.991091,-0.408896
0.979708,-0.388726
0.968672,-0.367303
0.955257,-0.343294
0.939526,-0.325616
0.921242,-0.306782
0.901554,-0.285386
0.882777,-0.274219
0.867395,-0.26268
0.853564,-0.249125
0.839124,-0.243181
0.822569,-0.237911
0.803634,-0.223753
0.782076,-0.210192
0.758125,-0.195279
0.73659,-0.172347
0.71809,-0.150597
0.701027,-0.127823
0.681707,-0.102243
0.659715,-0.0783805
0.63178,-0.0607018
0.599952,-0.0431363
0.567354,-0.036512
0.53457,-0.029777
0.504139,-0.0170978
0.477926,-0.0085746
0.456804,0.00457763
0.436921,0.0213872
0.418177,0.0391459
0.397212,0.0609532
0.371427,0.0870984
0.34342,0.118305
0.312717,0.151122
0.277715,0.186017
0.242069,0.219161
0.207079,0.251905
0.1744,0.281213
0.142877,0.294012
0.113952,0.298236
0.0847171,0.30183
0.0569856,0.293853
0.0329587,0.285831
0.0121777,0.286263
-0.00529367,0.286015
-0.018292,0.286843
-0.0329922,0.295012
-0.0517328,0.30603
-0.0767471,0.318757
-0.110024,0.334456
-0.152626,0.352241
-0.201582,0.371256
-0.256977,0.386828
-0.314684,0.39718
-0.373106,0.410693
-0.428288,0.421498
-0.478454,0.423438
-0.517757,0.428389
-0.55049,0.43771
-0.571243,0.442477
-0.580824,0.445126
-0.581929,0.452516
-0.577769,0.458629
-0.572456,0.463493
-0.569323,0.471257
-0.571153,0.486161
-0.581924,0.50308
-0.600694,0.515193
-0.630703,0.525991
-0.668776,0.538383
-0.71122,0.543671
-0.755285,0.539622
-0.798104,0.536304
-0.835545,0.533199
-0.866574,0.528013
-0.886686,0.525465
-0.898331,0.528361
-0.90024,0.533792
-0.894398,0.535538
-0.886453,0.542426
-0.879432,0.557664
-0.87707,0.564886
-0.881882,0.568572
-0.894452,0.571632
-0.912557,0.569108
-0.931734,0.558883
-0.949729,0.544389
-0.968121,0.536251
-0.985339,0.532231
-1.00272,0.528627
-1.02156,0.529636
-1.03838,0.53423
-1.05298,0.543039
-1.06044,0.551566
-1.06231,0.554194
-1.05889,0.55133
-1.05367,0.544537
-1.04758,0.529363
-1.04307,0.506104
-1.04025,0.483547
-1.03767,0.467234
-1.03503,0.457744
-1.0308,0.447932
-1.02971,0.441904
-1.02929,0.443164
-1.03297,0.440326
-1.03727,0.440168
-1.04051,0.44712
-1.03895,0.448799
-1.03235,0.441561
-1.0214,0.43084
-1.00813,0.412626
-0.994295,0.385729
-0.98061,0.356838
-0.966504,0.329942
-0.950346,0.305159
-0.931125,0.288393
-0.911305,0.275878
-0.894518,0.259347
-0.881291,0.250619
-0.870891,0.244635
-0.862062,0.236154
-0.850829,0.230552
-0.835637,0.226962
-0.817439,0.221642
-0.795645,0.21211
-0.771407,0.201546
-0.746855,0.185103
-0.724791,0.169728
-0.702234,0.154201
-0.680071,0.136394
-0.657147,0.118728
-0.630142,0.103955
-0.59957,0.0868667
-0.569637,0.0716562
-0.540995,0.0602528
-0.515767,0.0504805
-0.494109,0.0433988
-0.476936,0.037193
-0.461072,0.0285545
-0.444427,0.0174383
-0.424699,0.00262074
-0.399866,-0.0170311
-0.370878,-0.0375909
-0.337858,-0.0601585
-0.300141,-0.0854814
-0.257742,-0.112987
-0.21303,-0.144145
-0.165931,-0.178193
-0.122429,-0.210917
-0.0824761,-0.243875
-0.048127,-0.273677
-0.0203193,-0.289687
-0.00112557,-0.293752
0.0103342,-0.291653
0.0181456,-0.275326
0.0247449,-0.259302
0.0343575,-0.251848
0.0525048,-0.247319
0.0804237,-0.243645
0.120163,-0.251388
0.169827,-0.266123
0.23054,-0.278187
0.292622,-0.292524
0.355629,-0.310408
0.413733,-0.326835
0.4674,-0.343794
0.510268,-0.358868
0.542006,-0.372922
0.562464,-0.384803
0.573723,-0.388536
0.577009,-0.386801
0.57668,-0.385031
0.573146,-0.379809
0.57062,-0.375583
0.571081,-0.378303
0.578286,-0.383675
0.591258,-0.390742
0.611478,-0.403999
0.637855,-0.418754
0.671023,-0.434575
0.70993,-0.453913
0.749192,-0.47099
0.787265,-0.484377
0.82241,-0.49063
0.852147,-0.493468
0.87097,-0.491026
0.883179,-0.485972
0.8871,-0.4779
0.887657,-0.465081
0.889306,-0.450841
0.891272,-0.439933
0.896504,-0.432825
0.908422,-0.430752
0.920777,-0.439335
0.934884,-0.451795
0.947671,-0.464444
0.958384,-0.475018
0.967649,-0.482998
0.975136,-0.480211
0.983298,-0.472293
0.993648,-0.466217
1.0043,-0.456976
1.01344,-0.444066
1.01927,-0.427099
1.02044,-0.410175
1.01842,-0.395807
1.01477,-0.380776
1.01179,-0.373231
1.0112,-0.375985
1.01271,-0.37133
1.00947,-0.363185
1.00191,-0.359648
0.990749,-0.351872
0.977479,-0.339215
0.963859,-0.326652
0.950685,-0.311088
0.940605,-0.28705
0.931813,-0.267784
0.922412,-0.246872
0.91064,-0.225753
0.897343,-0.209975
0.884535,-0.192473
0.873054,-0.169588
0.864587,-0.155465
0.855417,-0.142564
0.842291,-0.125152
0.824155,-0.112338
0.800993,-0.1048
0.776478,-0.0932928
0.749602,-0.0891352
0.723776,-0.079906
0.701763,-0.0686864
0.681918,-0.0607282
0.662382,-0.0498917
0.641522,-0.0345884
0.620403,-0.0191258
0.601365,0.00613085
0.583523,0.0319475
0.552964,0.0559051
0.50325,0.0957847
0.431402,0.154589
0.333939,0.225028
0.214306,0.310867
0.07661,0.384858
-0.0720793,0.420907
-0.224042,0.421852
-0.365908,0.424042
-0.482791,0.407377
-0.5636,0.371809
-0.603273,0.335424
-0.609038,0.280539
-0.587102,0.22018
-0.540826,0.183059
-0.472749,0.175924
-0.391532,0.180608
-0.308735,0.185346
-0.241182,0.209388
-0.202082,0.24292
-0.193522,0.27738
-0.214529,0.319705
-0.263423,0.372289
-0.326289,0.428827
-0.395761,0.467553
-0.466924,0.502688
-0.530731,0.531862
-0.583479,0.533056
-0.625297,0.522302
-0.654289,0.52226
-0.671706,0.510793
-0.677083,0.489437
-0.669525,0.472638
-0.651781,0.457143
-0.623409,0.444138
-0.588152,0.445405
-0.555913,0.45915
-0.535117,0.474087
-0.53228,0.488858
-0.548715,0.512438
-0.582756,0.540727
-0.62855,0.564193
-0.675985,0.585027
-0.723167,0.608486
-0.763125,0.620665
-0.795021,0.616704
-0.818119,0.603774
-0.831142,0.586256
-0.833526,0.567101
-0.827185,0.550457
-0.813093,0.537064
-0.794606,0.52809
-0.771701,0.523611
-0.748437,0.524533
-0.725981,0.530296
-0.709,0.535738
-0.697078,0.537816
-0.695042,0.536065
-0.704313,0.529163
-0.72201,0.515864
-0.744535,0.502708
-0.768783,0.500203
-0.789928,0.500853
-0.805649,0.50216
-0.813826,0.504985
-0.81269,0.506019
-0.801699,0.51105
-0.779707,0.512797
-0.75128,0.506988
-0.717614,0.498175
-0.682975,0.483207
-0.651115,0.459755
-0.625495,0.432615
-0.605979,0.406647
-0.59444,0.384001
-0.589726,0.371705
-0.593081,0.367785
-0.599205,0.357884
-0.609286,0.357639
-0.62257,0.356935
-0.634653,0.348752
-0.643592,0.352937
-0.64634,0.360987
-0.643079,0.358124
-0.63268,0.353458
-0.611856,0.349464
-0.578449,0.33734
-0.53728,0.313786
-0.488245,0.289711
-0.435182,0.266019
-0.383623,0.236261
-0.34166,0.205242
-0.312012,0.177915
-0.295303,0.159467
-0.294161,0.144665
-0.300349,0.13304
-0.310386,0.134858
-0.320784,0.137685
-0.326219,0.139029
-0.325529,0.145981
-0.31764,0.154955
-0.302388,0.157071
-0.277188,0.155551
-0.243512,0.15514
-0.201281,0.14595
-0.152637,0.128248
-0.0988685,0.109261
-0.0440162,0.0890535
0.00774071,0.0685371
0.0498455,0.0499993
0.0767362,0.0330413
0.085567,0.0244501
0.078696,0.0169516
0.0685282,0.007436
0.0628723,-6.55965e-05
0.0668487,-0.0119873
0.0840395,-0.0300878
0.11372,-0.0520195
0.156809,-0.0780917
0.20582,-0.108643
0.252442,-0.139116
0.293426,-0.168893
0.32989,-0.200793
0.357177,-0.229456
0.37264,-0.253995
0.379841,-0.274582
0.38054,-0.272506
0.376286,-0.25939
0.37095,-0.248622
0.366926,-0.22784
0.36576,-0.210492
0.36709,-0.207426
0.375136,-0.210375
0.392407,-0.208714
0.413423,-0.217091
0.437525,-0.23398
0.462734,-0.248807
0.4899,-0.265819
0.5154,-0.285437
0.537407,-0.304145
0.555722,-0.321796
0.572223,-0.33287
0.585079,-0.34456
0.596273,-0.357193
0.605973,-0.3619
0.611695,-0.368421
0.615699,-0.378469
0.616965,-0.381457
0.617575,-0.385142
0.616359,-0.39534
0.61615,-0.403741
0.617186,-0.405357
0.623281,-0.411388
0.632944,-0.415801
0.646,-0.417368
0.661228,-0.422756
0.677013,-0.429401
0.691389,-0.434504
0.701981,-0.435791
0.706335,-0.434
0.704695,-0.433179
0.698239,-0.435683
0.688547,-0.437189
0.677737,-0.439711
0.668718,-0.447818
0.663416,-0.456425
0.663496,-0.466804
0.664675,-0.48065
0.668815,-0.487641
0.673275,-0.488505
0.672571,-0.492552
0.67059,-0.488649
0.665696,-0.481383
0.658443,-0.475532
0.649913,-0.463038
0.641414,-0.449277
0.634949,-0.441864
0.632868,-0.440144
0.632001,-0.438565
0.63005,-0.441407
0.625867,-0.45185
0.620491,-0.459782
0.610411,-0.468805
0.597739,-0.473813
0.583112,-0.469298
0.567916,-0.459845
0.554659,-0.445952
0.541501,-0.430677
0.531514,-0.415975
0.526645,-0.39885
0.520444,-0.378528
0.514758,-0.358333
0.506093,-0.343327
0.494346,-0.327732
0.478178,-0.313712
0.457323,-0.30835
0.433776,-0.299136
0.409467,-0.283953
0.384049,-0.276432
0.360516,-0.266656
0.337444,-0.247718
0.315365,-0.22814
0.296857,-0.207027
0.27972,-0.175698
0.262879,-0.146389
0.248056,-0.116764
0.231338,-0.0828677
0.212581,-0.0578489
0.19288,-0.0375908
0.169959,-0.0182148
0.146723,-0.00863554
0.120026,0.00748128
0.0922406,0.0299114
0.0654982,0.0547083
0.0422364,0.0859027
0.0214838,0.123031
0.00570202,0.165735
-0.0033211,0.210545
-0.0115445,0.259273
-0.0215555,0.304455
-0.0360891,0.346856
-0.0597952,0.380606
-0.088426,0.388536
-0.120895,0.401207
-0.1563,0.414529
-0.193979,0.407288
-0.22979,0.411778
-0.266065,0.431322
-0.302018,0.446859
-0.336513,0.459027
-0.366964,0.482084
-0.388922,0.504656
-0.402837,0.518662
-0.407057,0.532077
-0.404466,0.543798
-0.39687,0.551014
-0.390717,0.55315
-0.388344,0.55647
-0.391564,0.568844
-0.400983,0.581038
-0.416804,0.594036
-0.436813,0.610383
-0.460585,0.630769
-0.485087,0.651509
-0.507252,0.666608
-0.526649,0.679932
-0.53963,0.684386
-0.548292,0.677962
-0.551759,0.667133
-0.550878,0.649791
-0.546534,0.64133
-0.541893,0.638334
-0.538226,0.639555
-0.536199,0.642633
-0.540984,0.655098
-0.551579,0.667303
-0.565648,0.668619
-0.582357,0.667132
-0.60041,0.66142
-0.616624,0.646358
-0.628388,0.627087
-0.634116,0.613005
-0.632244,0.60181
-0.625945,0.584855
-0.614838,0.57738
-0.600253,0.581885
-0.587114,0.579222
-0.578218,0.572988
-0.574648,0.569142
-0.575065,0.556947
-0.584592,0.534046
-0.598067,0.506848
-0.613081,0.484484
-0.626776,0.465309
-0.636764,0.443032
-0.642489,0.423132
-0.641764,0.411937
-0.634257,0.403133
-0.624406,0.389048
-0.611983,0.379802
-0.599739,0.370434
-0.590171,0.351978
-0.584593,0.334004
-0.582221,0.313569
-0.581585,0.287758
-0.581672,0.261952
-0.580852,0.232727
-0.576782,0.203745
-0.568802,0.182444
-0.556427,0.158553
-0.54274,0.12943
-0.527667,0.108637
-0.514551,0.0916508
-0.504377,0.0709525
-0.497208,0.0629258
-0.492882,0.0537566
-0.489003,0.0434603
-0.483891,0.0389916
-0.478598,0.0296451
-0.467334,0.0138249
-0.452035,-0.00483256
-0.432288,-0.0305681
-0.409546,-0.0620579
-0.384042,-0.0954317
-0.360024,-0.133873
-0.33947,-0.17342
-0.322075,-0.214549
-0.309518,-0.259784
-0.300434,-0.304254
-0.296751,-0.338683
-0.294875,-0.359868
-0.293624,-0.372772
-0.291987,-0.364553
-0.287222,-0.354871
-0.279972,-0.353634
-0.266799,-0.34532
-0.248212,-0.335227
-0.224333,-0.33769
-0.195178,-0.345424
-0.164468,-0.356354
-0.132505,-0.378791
-0.103357,-0.409882
-0.0790389,-0.437688
-0.058065,-0.466832
-0.0456792,-0.494452
-0.0429522,-0.519875
-0.0460369,-0.542839
-0.0550052,-0.557085
-0.0634514,-0.565685
-0.0685707,-0.575817
-0.0658213,-0.576559
-0.0578144,-0.577349
-0.0428693,-0.581536
-0.0225781,-0.577662
0.00256252,-0.578058
0.0269569,-0.589789
0.0526278,-0.601416
0.0773098,-0.614904
0.104076,-0.636371
0.131808,-0.660008
0.163264,-0.683846
0.198017,-0.701068
0.236007,-0.713538
0.276707,-0.72515
0.315724,-0.731074
0.349203,-0.725538
0.373364,-0.727029
0.387274,-0.735192
0.390758,-0.737422
0.388207,-0.741656
0.381095,-0.757538
0.373706,-0.764958
0.369069,-0.757893
0.367768,-0.762484
0.372882,-0.757894
0.382971,-0.74011
0.399553,-0.734444
0.420761,-0.740616
0.447129,-0.744586
0.47631,-0.756315
0.503747,-0.779153
0.529945,-0.784043
0.550517,-0.783188
0.566617,-0.784409
0.575599,-0.771804
0.58011,-0.753269
0.579458,-0.743125
0.576799,-0.736299
0.574088,-0.731126
0.572681,-0.736971
0.574701,-0.738844
0.581707,-0.731664
0.592567,-0.73052
0.609587,-0.720681
0.631105,-0.702517
0.655518,-0.689239
0.679508,-0.685059
0.700903,-0.678373
0.716096,-0.677099
0.724672,-0.6809
0.726702,-0.668578
0.723882,-0.653469
0.718708,-0.636042
0.713532,-0.60921
0.70826,-0.579631
0.707279,-0.551269
0.711186,-0.528716
0.717579,-0.513479
0.726959,-0.498719
0.735875,-0.488985
0.740995,-0.489292
0.743009,-0.478091
0.74238,-0.4585
0.738152,-0.446903
0.733394,-0.42424
0.731198,-0.393546
0.731603,-0.369534
0.733353,-0.34094
0.734424,-0.307521
0.733227,-0.286445
0.727803,-0.264992
0.719177,-0.239406
0.705922,-0.22791
0.691501,-0.212741
0.677086,-0.189333
0.666431,-0.176153
0.660245,-0.160559
0.655652,-0.138394
0.651396,-0.123242
0.646468,-0.106497
0.637166,-0.0836337
0.624986,-0.0682989
0.609766,-0.0519501
0.59347,-0.0299316
0.574601,-0.0145153
0.556753,0.00559385
0.543429,0.0324715
0.534695,0.0581745
0.526242,0.0903212
0.517862,0.126512
0.508331,0.166532
0.495375,0.211513
0.478382,0.256629
0.458328,0.295522
0.433811,0.336832
0.409735,0.369522
0.384881,0.374429
0.363496,0.389623
0.344706,0.408971
0.326298,0.40806
0.311833,0.408242
0.300929,0.422667
0.290196,0.42709
0.279001,0.424668
0.265571,0.432248
0.249734,0.443608
0.232431,0.450119
0.21102,0.462821
0.18577,0.48462
0.157989,0.50692
0.129049,0.524481
0.101119,0.54546
0.0748518,0.571039
0.0509407,0.591255
0.0313584,0.608821
0.0186621,0.633938
0.0111879,0.650277
0.00916598,0.65358
0.00770841,0.657874
0.00254895,0.65705
-0.00988308,0.643796
-0.0302319,0.63212
-0.0565341,0.635226
-0.0883262,0.638236
-0.120951,0.643231
-0.153509,0.657066
-0.187269,0.680732
-0.223142,0.699837
-0.264194,0.712727
-0.303454,0.729292
-0.340947,0.737735
-0.372875,0.734825
-0.400335,0.727127
-0.414418,0.721633
-0.42046,0.718009
-0.414384,0.709913
-0.404055,0.709527
-0.39126,0.721589
-0.383206,0.727853
-0.381044,0.72511
-0.38538,0.724519
-0.399649,0.719393
-0.422313,0.707439
-0.451464,0.705172
-0.481778,0.70783
-0.511861,0.707743
-0.539749,0.712062
-0.561379,0.730206
-0.576607,0.738713
-0.58543,0.735466
-0.588486,0.731359
-0.585525,0.718498
-0.579922,0.692336
-0.573289,0.668027
-0.568607,0.654253
-0.57003,0.63778
-0.576132,0.632892
-0.588869,0.641277
-0.608434,0.643627
-0.632262,0.64501
-0.657243,0.644911
-0.680066,0.63634
-0.696865,0.615351
-0.707744,0.592444
-0.711261,0.578286
-0.707328,0.559475
-0.699363,0.536631
-0.689141,0.522016
-0.682256,0.522882
-0.679741,0.513578
-0.683008,0.501519
-0.692015,0.499065
-0.704804,0.488238
-0.718182,0.462326
-0.728879,0.437152
-0.735403,0.415367
-0.736447,0.392803
-0.733351,0.374136
-0.725684,0.356891
-0.720199,0.340972
-0.715678,0.328068
-0.714778,0.313666
-0.713536,0.300424
-0.712207,0.291581
-0.710063,0.279365
-0.704799,0.261485
-0.697518,0.245369
-0.687195,0.226428
-0.675722,0.200127
-0.664999,0.175717
-0.657923,0.150499
-0.654921,0.121683
-0.654753,0.0952358
-0.655765,0.0735318
-0.65586,0.0519945
-0.651873,0.042467
-0.641768,0.0336381
-0.627549,0.0232187
-0.608182,0.0168924
-0.58736,0.00774144
-0.567325,-0.00805737
-0.550289,-0.026911
-0.538999,-0.0488763
-0.529284,-0.0755318
-0.523208,-0.103343
-0.51954,-0.134362
-0.516065,-0.169615
-0.508779,-0.207054
-0.498868,-0.248566
-0.483261,-0.288972
-0.463494,-0.311025
-0.440754,-0.327345
-0.416206,-0.342568
-0.39206,-0.335145
-0.37025,-0.328781
-0.352131,-0.333797
-0.337318,-0.3324
-0.325237,-0.33005
-0.314014,-0.338613
-0.301915,-0.351671
-0.288697,-0.362664
-0.271705,-0.381868
-0.252659,-0.408832
-0.231424,-0.433733
-0.206223,-0.450944
-0.178991,-0.463631
-0.151849,-0.477587
-0.126528,-0.489471
-0.10337,-0.492703
-0.0814222,-0.499919
-0.0643051,-0.506158
-0.054014,-0.50088
-0.049957,-0.497463
-0.0489107,-0.505299
-0.0486451,-0.511521
-0.0492081,-0.516813
-0.0449844,-0.532852
-0.0342242,-0.551068
-0.0166242,-0.569211
0.00791845,-0.584891
0.0364536,-0.590156
0.0677613,-0.598738
0.0994576,-0.605003
0.133057,-0.600219
0.166861,-0.596263
0.202331,-0.592687
0.238081,-0.587278
0.277578,-0.5866
0.316205,-0.593601
0.349833,-0.606314
0.373984,-0.620886
0.388373,-0.635965
0.392867,-0.639014
0.388021,-0.636596
0.379214,-0.630292
0.368272,-0.614203
0.359213,-0.594225
0.354052,-0.579117
0.35492,-0.572484
0.361663,-0.565883
0.37598,-0.565396
0.397303,-0.576336
0.424181,-0.587462
0.453896,-0.594059
0.482768,-0.598231
0.507741,-0.602349
0.53067,-0.597985
0.547712,-0.585693
0.558943,-0.569069
0.565172,-0.551347
0.568403,-0.534581
0.566935,-0.519555
0.564163,-0.508119
0.56125,-0.505495
0.562064,-0.504469
0.564157,-0.504153
0.56963,-0.502685
0.579105,-0.49725
0.594668,-0.491841
0.613664,-0.483225
0.635273,-0.472335
0.656191,-0.458474
0.676222,-0.445908
0.692064,-0.433313
0.70169,-0.419819
0.706101,-0.412931
0.704353,-0.40558
0.700389,-0.399372
0.695142,-0.401643
0.693057,-0.403199
0.693336,-0.39957
0.698439,-0.395608
0.707627,-0.389231
0.719724,-0.378512
0.73049,-0.364472
0.739492,-0.350824
0.743823,-0.336278
0.744356,-0.319001
0.742658,-0.296962
0.738583,-0.273686
0.734401,-0.257961
0.732376,-0.240103
0.733594,-0.224012
0.734298,-0.218146
0.733809,-0.211661
0.729753,-0.201027
0.724654,-0.193448
0.71522,-0.18462
0.7018,-0.169445
0.688795,-0.157079
0.67732,-0.143646
0.67085,-0.127718
0.667121,-0.118454
0.666702,-0.110205
0.664352,-0.100225
0.659672,-0.0974194
0.650876,-0.0914168
0.63955,-0.0798174
0.625217,-0.0718921
0.609227,-0.0597632
0.593128,-0.043216
0.579266,-0.0261597
0.568393,-0.007206
0.559468,0.014419
0.551543,0.0360388
0.542811,0.0615249
0.530027,0.0889345
0.514795,0.118852
0.49656,0.152972
0.47444,0.189206
0.449311,0.224825
0.424984,0.261713
0.400849,0.293945
0.379364,0.307967
0.360258,0.319267
0.342832,0.331499
0.325609,0.32921
0.309507,0.325982
0.293923,0.332483
0.276885,0.331447
0.258373,0.325547
0.238349,0.32956
0.216673,0.33985
0.192685,0.346963
0.166873,0.360933
0.13883,0.380495
0.110289,0.397609
0.0807582,0.412184
0.0544686,0.42887
0.0312434,0.4489
0.0128844,0.464629
-0.00174331,0.47662
-0.0109115,0.490647
-0.0178152,0.503997
-0.0298677,0.507676
-0.0465216,0.517844
-0.0710072,0.540037
-0.102868,0.553224
-0.140583,0.563448
-0.180803,0.578142
-0.223366,0.584368
-0.268066,0.58083
-0.312861,0.580499
-0.351658,0.580041
-0.38399,0.581024
-0.411573,0.587089
-0.429202,0.595384
-0.437771,0.603942
-0.438745,0.61223
-0.431562,0.627471
-0.422815,0.639959
-0.416075,0.648636
-0.414703,0.655428
-0.420935,0.661768
-0.438016,0.657268
-0.462981,0.642751
-0.494155,0.638071
-0.527663,0.639017
-0.561347,0.634788
-0.59226,0.633662
-0.617789,0.646424
-0.635865,0.659071
-0.645947,0.656676
-0.65031,0.655525
-0.648432,0.651836
-0.642632,0.633751
-0.63789,0.60745
-0.634163,0.5898
-0.634915,0.579696
-0.643072,0.566687
-0.659737,0.56578
-0.68154,0.576204
-0.706528,0.586354
-0.730235,0.593131
-0.75126,0.597838
-0.76773,0.595346
-0.776926,0.581444
-0.779867,0.557798
-0.777611,0.534218
-0.772464,0.511401
-0.769549,0.491742
-0.769187,0.474599
-0.774128,0.469551
-0.781073,0.465827
-0.789866,0.466888
-0.796711,0.472875
-0.801474,0.472989
-0.803445,0.467616
-0.803671,0.459317
-0.804308,0.443363
-0.807631,0.418811
-0.813123,0.395479
-0.82048,0.371458
-0.827151,0.352223
-0.829797,0.341696
-0.827628,0.327536
-0.821015,0.311681
-0.807891,0.304303
-0.792773,0.288526
-0.7789,0.26786
-0.769558,0.259053
-0.764202,0.254943
-0.762681,0.242775
-0.76252,0.233582
-0.76067,0.226279
-0.75621,0.208299
-0.748948,0.186692
-0.739029,0.163341
-0.72887,0.137998
-0.719373,0.114453
-0.71173,0.0901974
-0.705749,0.068789
-0.69783,0.0578309
-0.689258,0.0491795
-0.675085,0.0425547
-0.656541,0.0447769
-0.632903,0.0411909
-0.605728,0.0311982
-0.582027,0.0191739
-0.561474,0.00418142
-0.546453,-0.0143286
-0.535147,-0.0323214
-0.528224,-0.0519809
-0.520757,-0.0748895
-0.511483,-0.102558
-0.499881,-0.134502
-0.483812,-0.167811
-0.464759,-0.201869
-0.441957,-0.238232
-0.417014,-0.27016
-0.390647,-0.284112
-0.365831,-0.297877
-0.342467,-0.309885
-0.320339,-0.301642
-0.302038,-0.29357
-0.285621,-0.295861
-0.26917,-0.292219
-0.250176,-0.288125
-0.229594,-0.29781
-0.205495,-0.312703
-0.178644,-0.324822
-0.147817,-0.345183
-0.115719,-0.369704
-0.0838666,-0.386873
-0.0501795,-0.400512
-0.021444,-0.412193
0.000642825,-0.425422
0.0160153,-0.434524
0.0284264,-0.43999
0.0366231,-0.446086
0.0480493,-0.448786
0.063855,-0.445145
0.0877336,-0.444209
0.118751,-0.451812
0.156827,-0.460097
0.199009,-0.471617
0.242125,-0.490142
0.283125,-0.507987
0.323194,-0.524234
0.357665,-0.544006
0.383733,-0.556146
0.400529,-0.55934
0.4135,-0.564565
0.420115,-0.562838
0.421398,-0.555007
0.421306,-0.548798
0.423232,-0.537236
0.429613,-0.52773
0.439127,-0.528496
0.453778,-0.535245
0.473874,-0.542508
0.49854,-0.555969
0.52395,-0.576179
0.552481,-0.592655
0.57855,-0.601328
0.600976,-0.607156
0.618258,-0.609346
0.633425,-0.603966
0.644166,-0.588142
0.650096,-0.571909
0.654502,-0.559928
0.659943,-0.548352
0.666244,-0.537533
0.675578,-0.534204
0.687936,-0.539097
0.702983,-0.54777
0.720558,-0.550097
0.738636,-0.552243
0.754122,-0.554317
0.766412,-0.548463
0.774515,-0.538387
0.779726,-0.525971
0.781652,-0.510918
0.783229,-0.497186
0.78558,-0.485527
0.792602,-0.476529
0.802944,-0.476509
0.814637,-0.480039
0.824532,-0.483682
0.831071,-0.488516
0.834102,-0.484461
0.834728,-0.474965
0.832296,-0.463453
0.828237,-0.444715
0.826176,-0.425488
0.827509,-0.409064
0.830507,-0.390505
0.835021,-0.372625
0.836907,-0.363758
0.836226,-0.352729
0.831773,-0.342074
0.824883,-0.341476
0.819626,-0.337097
0.81522,-0.329238
0.813028,-0.328969
0.813337,-0.327035
0.814883,-0.318444
0.813648,-0.309104
0.809116,-0.295489
0.801447,-0.276387
0.791557,-0.255572
0.780472,-0.23254
0.770563,-0.209629
0.762884,-0.191255
0.757915,-0.172674
0.753328,-0.153652
0.746421,-0.143064
0.736312,-0.127226
0.72314,-0.110209
0.70625,-0.107418
0.688499,-0.107224
0.67222,-0.101555
0.657868,-0.106621
0.64653,-0.107611
0.636663,-0.101416
0.626293,-0.0944793
0.613137,-0.0850814
0.595357,-0.0696782
0.575431,-0.0495361
0.552094,-0.0284245
0.527443,-0.00496624
0.50462,0.0170465
0.483412,0.0410699
0.465341,0.0644876
0.449675,0.0883517
0.433424,0.117001
0.416917,0.147235
0.398793,0.179964
0.379167,0.213892
0.354826,0.247038
0.326873,0.27146
0.297315,0.289886
0.267523,0.304606
0.238141,0.296071
0.210462,0.285162
0.184413,0.282397
0.161023,0.269796
0.139224,0.259323
0.120573,0.264221
0.101221,0.274074
0.0829561,0.280895
0.0665035,0.294244
0.0504577,0.317719
0.0357919,0.338034
0.0207686,0.356307
0.00564282,0.379766
-0.0111897,0.403073
-0.0324924,0.421115
-0.0591081,0.440017
-0.0912664,0.460054
-0.129686,0.477373
-0.172496,0.484016
-0.219784,0.490757
-0.269388,0.500032
-0.321455,0.497704
-0.372793,0.491138
-0.419305,0.49223
-0.459392,0.490337
-0.488991,0.488764
-0.508739,0.494755
-0.516657,0.502929
-0.514233,0.508123
-0.503435,0.515329
-0.488093,0.526345
-0.474164,0.541298
-0.465948,0.555056
-0.467015,0.563926
-0.478175,0.573963
-0.500113,0.580219
-0.531044,0.576269
-0.567366,0.572164
-0.607159,0.568482
-0.64619,0.565934
-0.682492,0.565008
-0.715009,0.566834
-0.741129,0.573377
-0.759556,0.579981
-0.769415,0.589481
-0.769037,0.596655
-0.760531,0.597291
-0.747761,0.595119
-0.734413,0.586784
-0.723529,0.573137
-0.7176,0.553064
-0.722189,0.534627
-0.737642,0.525554
-0.761458,0.520649
-0.789188,0.520724
-0.817568,0.523283
-0.842835,0.530448
-0.860865,0.542371
-0.872381,0.544602
-0.876597,0.542536
-0.876392,0.535947
-0.873429,0.521618
-0.871174,0.500364
-0.869976,0.476306
-0.86785,0.455243
-0.864649,0.439577
-0.859183,0.426753
-0.853552,0.412823
-0.848562,0.398952
-0.846768,0.392968
-0.850567,0.38983
-0.857585,0.38597
-0.866388,0.385408
-0.874154,0.385311
-0.877165,0.378239
-0.874832,0.364039
-0.868874,0.342797
-0.857784,0.316312
-0.845909,0.288648
-0.834858,0.258509
-0.826162,0.229255
-0.818505,0.209567
-0.809804,0.191888
-0.798683,0.171719
-0.786948,0.162145
-0.772935,0.151874
-0.758749,0.133516
-0.747479,0.124852
-0.737438,0.124059
-0.731771,0.115593
-0.725277,0.111503
-0.71578,0.108402
-0.703502,0.100217
-0.68558,0.0894585
-0.663233,0.0752256
-0.637676,0.0569632
-0.613086,0.0383424
-0.590657,0.0187659
-0.573028,-0.00295867
-0.559628,-0.0214769
-0.548108,-0.0433977
-0.535657,-0.0684267
-0.520172,-0.0958951
-0.501895,-0.127336
-0.481528,-0.162142
-0.456598,-0.198224
-0.429262,-0.238842
-0.401394,-0.279916
-0.374015,-0.309553
-0.349648,-0.326982
-0.326133,-0.338003
-0.306001,-0.327951
-0.287103,-0.319805
-0.26902,-0.31874
-0.249933,-0.309854
-0.229774,-0.306193
-0.205487,-0.313303
-0.176517,-0.321282
-0.144439,-0.326333
-0.108974,-0.341323
-0.0711377,-0.363175
-0.0327143,-0.382503
0.00446894,-0.406863
0.0351281,-0.433653
0.0572505,-0.45778
0.0718202,-0.47783
0.0827382,-0.491311
0.096287,-0.507389
0.11685,-0.527918
0.146823,-0.54105
0.18656,-0.548592
0.23473,-0.556543
0.284614,-0.556761
0.334624,-0.554562
0.379085,-0.556496
0.413576,-0.552609
0.438868,-0.543566
0.454368,-0.540051
0.459553,-0.538807
0.458573,-0.538076
0.454123,-0.541794
0.450087,-0.553379
0.447884,-0.566801
0.449819,-0.575379
0.45883,-0.580648
0.474672,-0.588611
0.498765,-0.593808
0.526878,-0.589337
0.559035,-0.584948
0.592078,-0.584385
0.620317,-0.582424
0.643927,-0.580489
0.663039,-0.582389
0.673698,-0.58727
0.681573,-0.591446
0.68726,-0.596688
0.694046,-0.596518
0.701119,-0.589842
0.710523,-0.582902
0.724411,-0.570281
0.741238,-0.554782
0.760552,-0.539026
0.77834,-0.526778
0.792961,-0.51639
0.804421,-0.508332
0.810892,-0.50773
0.814958,-0.507395
0.816954,-0.507592
0.818824,-0.506635
0.824534,-0.49713
0.83325,-0.487598
0.844692,-0.475447
0.854713,-0.460967
0.862921,-0.441646
0.86786,-0.421991
0.870831,-0.400561
0.87124,-0.380247
0.868923,-0.365946
0.867916,-0.35138
0.868814,-0.341338
0.870951,-0.340243
0.87201,-0.338404
0.869682,-0.332857
0.863766,-0.329487
0.856147,-0.318231
0.847544,-0.299056
0.839626,-0.280433
0.836487,-0.259895
0.83518,-0.235891
0.836467,-0.218527
0.835535,-0.199482
0.830132,-0.172776
0.81978,-0.153141
0.80777,-0.133244
0.793897,-0.108725
0.781468,-0.0992415
0.769218,-0.091351
0.760834,-0.0812719
0.751231,-0.0861411
0.741271,-0.0889099
0.727323,-0.0813977
0.710721,-0.0770095
0.692408,-0.0670091
0.674252,-0.0509895
0.65769,-0.0329779
0.644221,-0.0140508
0.634188,0.00745409
0.625108,0.028694
0.615204,0.0520008
0.602588,0.0784409
0.583919,0.108814
0.56199,0.142398
0.537976,0.177634
0.512246,0.214418
0.486997,0.252939
0.464523,0.285498
0.444168,0.298934
0.424815,0.310194
0.406887,0.317128
0.389437,0.303575
0.370457,0.297776
0.348806,0.303494
0.324371,0.304429
0.295709,0.308675
0.264282,0.325593
0.23082,0.346344
0.196966,0.364916
0.163521,0.389771
0.132483,0.418323
0.103267,0.442515
0.0752725,0.467764
0.0505749,0.494818
0.0309398,0.515735
0.0141851,0.531813
0.00144209,0.542505
-0.00788643,0.54733
-0.0160074,0.546167
-0.0306325,0.537561
-0.0499823,0.528777
-0.0769795,0.526067
-0.110377,0.525501
-0.1499,0.532604
-0.192169,0.544974
-0.235397,0.561029
-0.280279,0.579611
-0.324963,0.604614
-0.363594,0.629026
-0.397066,0.645648
-0.422357,0.661201
-0.439268,0.666147
-0.445836,0.659433
-0.442038,0.650327
-0.432837,0.63336
-0.42002,0.619461
-0.410321,0.614286
-0.40655,0.611468
-0.409912,0.613797
-0.420713,0.626824
-0.439642,0.641132
-0.465288,0.647907
-0.496656,0.653822
-0.528988,0.653497
-0.563223,0.645675
-0.59543,0.629375
-0.621707,0.617054
-0.642333,0.610521
-0.656255,0.601022
-0.663765,0.597548
-0.663695,0.604457
-0.659768,0.608132
-0.652841,0.605673
-0.644831,0.603012
-0.639517,0.595518
-0.637882,0.577483
-0.645064,0.554762
-0.660313,0.537957
-0.681976,0.527822
-0.707873,0.515666
-0.734792,0.507095
-0.75823,0.509027
-0.775318,0.512699
-0.785706,0.509934
-0.786716,0.507499
-0.77929,0.500479
-0.768909,0.483994
-0.758018,0.45892
-0.747764,0.431499
-0.741584,0.402372
-0.741242,0.373621
-0.745035,0.348961
-0.750456,0.331848
-0.755075,0.324539
-0.759267,0.315746
-0.762348,0.299988
-0.766266,0.287039
-0.767872,0.279231
-0.771333,0.270381
-0.776218,0.264507
-0.781067,0.260748
-0.784147,0.249219
-0.782916,0.233406
-0.777441,0.213445
-0.765156,0.190425
-0.748553,0.167305
-0.730313,0.141379
-0.7152,0.111069
-0.705865,0.0860137
-0.701471,0.0649594
-0.70388,0.0439923
-0.706697,0.033838
-0.707615,0.0336853
-0.707197,0.0299219
-0.701389,0.0269104
-0.692684,0.0192283
-0.680365,0.00530569
-0.665955,-0.0129823
-0.652227,-0.0351514
-0.639596,-0.0594594
-0.628443,-0.0858771
-0.617149,-0.114547
-0.605001,-0.147964
-0.590569,-0.18385
-0.572917,-0.223329
-0.550649,-0.262499
-0.525472,-0.290057
-0.499119,-0.314456
-0.476573,-0.336728
-0.456732,-0.340366
-0.441697,-0.334245
-0.430886,-0.333767
-0.422208,-0.327326
-0.41362,-0.318498
-0.402121,-0.321948
-0.388731,-0.332303
-0.369185,-0.342131
-0.345046,-0.360599
-0.315007,-0.389408
-0.281362,-0.414074
-0.244307,-0.435871
-0.208782,-0.45345
-0.174049,-0.470856
-0.14255,-0.486008
-0.116052,-0.492539
-0.0968417,-0.5018
-0.0838464,-0.510481
-0.0755556,-0.509978
-0.0723871,-0.508137
-0.0731785,-0.515021
-0.0751589,-0.52105
-0.0753735,-0.52678
-0.071555,-0.543838
-0.0641047,-0.562744
-0.0489422,-0.58156
-0.0272536,-0.601007
0.00141382,-0.609215
0.0343668,-0.618494
0.0706361,-0.626634
0.107659,-0.624069
0.145193,-0.621252
0.184869,-0.618532
0.225167,-0.613245
0.268569,-0.612356
0.313571,-0.619722
0.3544,-0.633869
0.390541,-0.650531
0.420102,-0.666698
0.440504,-0.673586
0.450363,-0.675606
0.452597,-0.674044
0.450462,-0.661288
0.445047,-0.641943
0.439056,-0.629919
0.435218,-0.624446
0.435515,-0.619666
0.441945,-0.621177
0.453407,-0.634883
0.471974,-0.645601
0.495254,-0.645254
0.520919,-0.650751
0.548677,-0.654378
0.577804,-0.648768
0.606236,-0.635236
0.630293,-0.624229
0.651041,-0.615354
0.667353,-0.605227
0.678329,-0.598508
0.684996,-0.596856
0.687117,-0.60009
0.684918,-0.588457
0.681028,-0.574799
0.680173,-0.566905
0.68015,-0.551276
0.684903,-0.529724
0.693408,-0.512221
0.706604,-0.499235
0.724501,-0.488248
0.743745,-0.484225
0.760886,-0.481201
0.775334,-0.47763
0.784811,-0.479101
0.788311,-0.47357
0.788852,-0.456837
0.786822,-0.442323
0.783963,-0.423022
0.784855,-0.396291
0.788158,-0.375582
0.793287,-0.353609
0.799276,-0.327507
0.803445,-0.307571
0.803152,-0.289585
0.800872,-0.268935
0.796198,-0.259254
0.790737,-0.250693
0.786464,-0.238513
0.784929,-0.233175
0.786898,-0.226555
0.79059,-0.21617
0.792201,-0.210142
0.789372,-0.197793
0.782331,-0.180199
0.772003,-0.161533
0.759794,-0.138519
0.747291,-0.111381
0.7365,-0.0905778
0.728012,-0.0707571
0.721836,-0.0514398
0.715215,-0.0442348
0.704547,-0.0376041
0.690183,-0.0263231
0.673583,-0.0158718
0.655749,-0.000447733
0.637733,0.0195665
0.622632,0.0411755
0.610392,0.0656713
0.600768,0.0926844
0.593302,0.123508
0.583577,0.157691
0.570821,0.194877
0.554012,0.231682
0.532562,0.267572
0.508077,0.301303
0.480361,0.315922
0.45247,0.322007
0.428054,0.332228
0.405523,0.328222
0.388125,0.317169
0.373999,0.321498
0.362189,0.324598
0.351692,0.322006
0.338794,0.327517
0.322885,0.339565
0.303255,0.350092
0.278523,0.361236
0.24997,0.377419
0.218413,0.396292
0.186523,0.410826
0.153416,0.419663
0.123151,0.432119
0.0943962,0.443207
0.06927,0.449026
0.0478544,0.458816
0.0321771,0.471931
0.0241917,0.476298
0.0203928,0.482434
0.0177314,0.492911
0.0132082,0.49907
0.00227466,0.513047
-0.0157251,0.530187
-0.0421369,0.540004
-0.0741589,0.549868
-0.110564,0.559656
-0.148933,0.560128
-0.188335,0.55465
-0.22896,0.551002
-0.272558,0.549543
-0.316204,0.550499
-0.359807,0.554963
-0.396445,0.564058
-0.421973,0.57321
-0.437679,0.584271
-0.442066,0.601514
-0.438276,0.609871
-0.428861,0.611945
-0.419549,0.608494
-0.412351,0.599481
-0.411058,0.585717
-0.416749,0.567556
-0.430458,0.559274
-0.451693,0.557585
-0.480339,0.558425
-0.514465,0.564083
-0.549527,0.577005
-0.582639,0.595715
-0.61258,0.604824
-0.638886,0.610207
-0.658545,0.613889
-0.670365,0.607965
-0.675749,0.591241
-0.675745,0.568312
-0.670995,0.546747
-0.663173,0.529275
-0.655685,0.515071
-0.650233,0.503913
-0.654079,0.499097
-0.664353,0.508875
-0.684043,0.513508
-0.707731,0.512986
-0.733371,0.519504
-0.758204,0.520115
-0.778028,0.507218
-0.7917,0.487934
-0.797386,0.467538
-0.796464,0.444427
-0.791724,0.424194
-0.785419,0.407114
-0.781038,0.391413
-0.779947,0.383185
-0.782663,0.375282
-0.787534,0.369997
-0.792206,0.373881
-0.796171,0.373409
-0.798706,0.368639
-0.799736,0.363397
-0.802106,0.351462
-0.807167,0.331002
-0.813062,0.309852
-0.8209,0.288732
-0.828042,0.26288
-0.830919,0.238107
-0.829242,0.216243
-0.82124,0.193605
-0.806472,0.177068
-0.788669,0.162607
-0.770042,0.145855
-0.755204,0.135907
-0.746715,0.127817
-0.740306,0.119311
-0.735485,0.118294
-0.731522,0.115105
-0.725782,0.107665
-0.716128,0.103401
-0.70371,0.0957787
-0.690602,0.0804694
-0.678116,0.0634731
-0.668,0.0473088
-0.661066,0.0281672
-0.654689,0.0111367
-0.645248,-0.0095593
-0.63217,-0.0323086
-0.614792,-0.0544443
-0.593776,-0.0812899
-0.568052,-0.110874
-0.54183,-0.142713
-0.51678,-0.178115
-0.495295,-0.214144
-0.478957,-0.249246
-0.46564,-0.279918
-0.454523,-0.30547
-0.444142,-0.307343
-0.432178,-0.30088
-0.417227,-0.30029
-0.400432,-0.285114
-0.380737,-0.270233
-0.358349,-0.268369
-0.333601,-0.267906
-0.308272,-0.2626
-0.281239,-0.267393
-0.254389,-0.2808
-0.229192,-0.289969
-0.205683,-0.302269
-0.185309,-0.323306
-0.167106,-0.343522
-0.151026,-0.363021
-0.136138,-0.382252
-0.121305,-0.403197
-0.105205,-0.424258
-0.088887,-0.440864
-0.0720221,-0.460379
-0.0536623,-0.484396
-0.0356463,-0.502505
-0.0154481,-0.51719
0.00540736,-0.52872
0.0278055,-0.532294
0.0542064,-0.535522
0.0832557,-0.539409
0.115952,-0.536895
0.154929,-0.533522
0.198016,-0.533242
0.245305,-0.532611
0.296446,-0.535947
0.348404,-0.545151
0.396559,-0.559361
0.436328,-0.575913
0.46591,-0.595304
0.482875,-0.610289
0.489153,-0.611425
0.487513,-0.611524
0.482852,-0.606065
0.476911,-0.595431
0.473475,-0.586183
0.473291,-0.578225
0.479659,-0.57797
0.491473,-0.581464
0.50721,-0.589599
0.526695,-0.600804
0.549907,-0.616376
0.576321,-0.633036
0.603488,-0.638769
0.628923,-0.643109
0.652702,-0.64073
0.675072,-0.630198
0.694316,-0.615983
0.710486,-0.596786
0.723002,-0.58215
0.734093,-0.57206
0.740398,-0.566765
0.743161,-0.564057
0.743187,-0.565137
0.742214,-0.5666
0.742601,-0.557448
0.743769,-0.548829
0.751489,-0.540128
0.764555,-0.527424
0.782229,-0.509281
0.802266,-0.494641
0.823923,-0.48343
0.842046,-0.471696
0.854209,-0.467095
0.859818,-0.4635
0.85947,-0.458441
0.855623,-0.456496
0.851565,-0.447565
0.849357,-0.430434
0.849341,-0.416139
0.851449,-0.400685
0.854172,-0.379014
0.855392,-0.363288
0.85388,-0.344675
0.85095,-0.318961
0.847922,-0.298557
0.845683,-0.277368
0.845275,-0.254613
0.846584,-0.245069
0.848122,-0.236668
0.846653,-0.225305
0.840634,-0.217607
0.830116,-0.208555
0.817149,-0.19604
0.803672,-0.186587
0.79098,-0.173532
0.780792,-0.157858
0.774055,-0.14681
0.769827,-0.128473
0.762073,-0.108433
0.750779,-0.0950987
0.735702,-0.0795603
0.719649,-0.0601997
0.702912,-0.0492031
0.687101,-0.0379364
0.674419,-0.021092
0.664135,-0.0105805
0.654709,0.00471962
0.643238,0.0234635
0.628025,0.0455783
0.608441,0.0731317
0.585277,0.104779
0.560333,0.14077
0.534361,0.177757
0.509065,0.218803
0.485784,0.257527
0.468019,0.292528
0.45086,0.322725
0.434378,0.332799
0.415967,0.333841
0.395762,0.340152
0.373117,0.337318
0.347298,0.332587
0.319347,0.340403
0.28979,0.348922
0.261947,0.35193
0.233827,0.360332
0.20709,0.374014
0.181766,0.386325
0.157562,0.399408
0.132997,0.417088
0.109212,0.433847
0.0850513,0.447574
0.0611581,0.459568
0.0399584,0.474283
0.021198,0.489968
0.00506487,0.502601
-0.00960607,0.517381
-0.0260512,0.534796
-0.0459542,0.54489
-0.0716782,0.55914
-0.102368,0.580821
-0.140009,0.592108
-0.183261,0.601442
-0.230614,0.611611
-0.28068,0.610774
-0.332053,0.603702
-0.380693,0.602334
-0.422631,0.604447
-0.454998,0.609258
-0.479864,0.616183
-0.49717,0.628226
-0.503465,0.640309
-0.500981,0.655006
-0.494521,0.666184
-0.486156,0.674198
-0.478939,0.678631
-0.478543,0.67258
-0.485464,0.659112
-0.500668,0.645434
-0.524802,0.636469
-0.554793,0.631454
-0.586807,0.633006
-0.618887,0.642996
-0.652956,0.657151
-0.685415,0.664544
-0.714159,0.667466
-0.737636,0.667925
-0.757223,0.658504
-0.769707,0.63648
-0.773105,0.611482
-0.771469,0.592319
-0.765475,0.571143
-0.756361,0.549514
-0.746875,0.537705
-0.743436,0.541129
-0.749376,0.538701
-0.763893,0.531971
-0.78344,0.534968
-0.808633,0.531181
-0.832451,0.514957
-0.852082,0.495497
-0.864658,0.475897
-0.870683,0.453598
-0.87102,0.432135
-0.869209,0.412139
-0.868272,0.396313
-0.867386,0.385934
-0.868213,0.377577
-0.868767,0.36953
-0.867353,0.362029
-0.863379,0.351916
-0.858206,0.335927
-0.852602,0.316768
-0.850703,0.291664
-0.851188,0.264503
-0.856169,0.238985
-0.860918,0.21313
-0.864874,0.185424
-0.86399,0.165438
-0.857826,0.145221
-0.846992,0.117241
-0.833135,0.0996596
-0.819373,0.0873687
-0.808174,0.0726454
-0.79912,0.0695579
-0.791801,0.0698075
-0.783057,0.0666636
-0.771958,0.0607107
-0.757998,0.0523381
-0.741632,0.0361928
-0.725041,0.0144941
-0.710917,-0.010849
-0.699697,-0.0382469
-0.692128,-0.0660923
-0.685675,-0.0969246
-0.676922,-0.13166
-0.663355,-0.170101
-0.646084,-0.214743
-0.623192,-0.259459
-0.594521,-0.299424
-0.565079,-0.336856
-0.536399,-0.370902
-0.512441,-0.376322
-0.491208,-0.373113
-0.475441,-0.376595
-0.460101,-0.361382
-0.444346,-0.343416
-0.426432,-0.339887
-0.405214,-0.33992
-0.381549,-0.340704
-0.353679,-0.355454
-0.324008,-0.382349
-0.293854,-0.408865
-0.264938,-0.435138
-0.237895,-0.464408
-0.211299,-0.494805
-0.185346,-0.524442
-0.16246,-0.546922
-0.142738,-0.563922
-0.120869,-0.57737
-0.0990904,-0.579588
-0.0800603,-0.580754
-0.0620891,-0.585285
-0.0435123,-0.580191
-0.0263439,-0.570957
-0.00943433,-0.571712
0.00699206,-0.574864
0.0247889,-0.577681
0.04618,-0.591573
0.0726612,-0.613432
0.104128,-0.632598
0.142097,-0.645923
0.184978,-0.653457
0.23077,-0.664127
0.281392,-0.670254
0.332057,-0.665493
0.38194,-0.661606
0.426082,-0.667525
0.462494,-0.671912
0.487271,-0.675385
0.502435,-0.68797
0.50707,-0.702652
0.504224,-0.704029
0.498174,-0.700322
0.494335,-0.69768
0.492264,-0.689023
0.494435,-0.672518
0.503272,-0.656891
0.516041,-0.650645
0.533362,-0.648287
0.557076,-0.648367
0.584406,-0.656177
0.611342,-0.664019
0.639413,-0.661763
0.666936,-0.657286
0.693472,-0.652237
0.71615,-0.639126
0.734504,-0.615449
0.750509,-0.597063
0.76155,-0.585459
0.76752,-0.57086
0.770344,-0.55993
0.770806,-0.562545
0.769936,-0.561666
0.771362,-0.546835
0.773946,-0.537561
0.781969,-0.528495
0.794539,-0.509373
0.811684,-0.488989
0.830656,-0.468963
0.847407,-0.444683
0.861016,-0.425509
0.869108,-0.407699
0.872751,-0.390944
0.870162,-0.379982
0.867031,-0.367074
0.864879,-0.354619
0.866049,-0.349303
0.867909,-0.336282
0.869825,-0.318778
0.870844,-0.305498
0.869282,-0.281743
0.866063,-0.254538
0.862366,-0.233872
0.858154,-0.209284
0.856687,-0.180594
0.857578,-0.162462
0.858868,-0.139906
0.858133,-0.116264
0.852679,-0.104851
0.842402,-0.0898855
0.829501,-0.0734826
0.816106,-0.070746
0.802965,-0.0639173
0.791814,-0.0507728
0.783451,-0.0445056
0.775735,-0.0334835
0.765628,-0.0157545
0.752869,0.00357175
0.737539,0.0276277
0.719892,0.0557879
0.701806,0.0882832
0.685087,0.12286
0.672613,0.158587
0.663495,0.19824
0.654606,0.237937
0.642025,0.271918
0.624209,0.295347
0.602132,0.319115
0.576328,0.331842
0.548274,0.323738
0.521173,0.323051
0.495887,0.327429
0.473615,0.320671
0.455876,0.317832
0.43875,0.325793
0.423073,0.334533
0.406287,0.342091
0.386354,0.357801
0.363726,0.379923
0.338343,0.402151
0.310502,0.421788
0.279862,0.446348
0.249549,0.473358
0.220122,0.494191
0.191674,0.508777
0.163373,0.521321
0.134801,0.531006
0.108382,0.529811
0.0849942,0.52414
0.0632995,0.522484
0.0464842,0.514305
0.0353496,0.507272
0.0264671,0.509242
0.0196963,0.516448
0.0117939,0.522873
0.00128899,0.534867
-0.0156154,0.555924
-0.0394177,0.582263
-0.0688588,0.605068
-0.103199,0.622954
-0.140304,0.638647
-0.181595,0.645303
-0.225417,0.637766
-0.2721,0.626926
-0.320069,0.623138
-0.366976,0.62207
-0.409805,0.618817
-0.445857,0.623124
-0.472837,0.635856
-0.488429,0.649022
-0.493807,0.659886
-0.490156,0.66643
-0.479963,0.668958
-0.469644,0.663653
-0.460859,0.649379
-0.459305,0.634604
-0.463193,0.628763
-0.478921,0.625942
-0.501971,0.623625
-0.53065,0.630154
-0.562886,0.648733
-0.597063,0.661783
-0.632165,0.665904
-0.665461,0.671022
-0.69456,0.668793
-0.719967,0.654198
-0.739907,0.63444
-0.753131,0.61967
-0.759719,0.605908
-0.760314,0.588003
-0.754967,0.577256
-0.747669,0.578269
-0.740334,0.581358
-0.738973,0.575906
-0.744046,0.570931
-0.757742,0.567842
-0.77953,0.557492
-0.80567,0.539084
-0.830623,0.526425
-0.850708,0.517678
-0.866589,0.502425
-0.874359,0.491668
-0.875482,0.481551
-0.874184,0.470678
-0.87414,0.468242
-0.875296,0.460363
-0.879106,0.447594
-0.881379,0.438042
-0.882496,0.421992
-0.880833,0.396793
-0.876369,0.371476
-0.872137,0.343105
-0.868836,0.311951
-0.869014,0.293226
-0.87228,0.277782
-0.879227,0.262443
-0.883845,0.255145
-0.8853,0.246794
-0.882715,0.229907
-0.875908,0.213099
-0.864285,0.199684
-0.852549,0.182848
-0.842278,0.164437
-0.834586,0.151601
-0.827549,0.135398
-0.819824,0.120433
-0.810256,0.107168
-0.796534,0.0906622
-0.779812,0.0759059
-0.764844,0.0606917
-0.751441,0.0448656
-0.742221,0.0328075
-0.73636,0.0206392
-0.729908,0.00417155
-0.72154,-0.0133737
-0.70859,-0.0340244
-0.690161,-0.0609674
-0.66687,-0.0907294
-0.641319,-0.125431
-0.616148,-0.164047
-0.595066,-0.203507
-0.578212,-0.246236
-0.564212,-0.286029
-0.550131,-0.314775
-0.53466,-0.335425
-0.517558,-0.351153
-0.496996,-0.347282
-0.473492,-0.344483
-0.447813,-0.350855
-0.422207,-0.35174
-0.397151,-0.35219
-0.372636,-0.358776
-0.350223,-0.364268
-0.328647,-0.3675
-0.308317,-0.377053
-0.288776,-0.393432
-0.268783,-0.409938
-0.244875,-0.427054
-0.219061,-0.443064
-0.189747,-0.457495
-0.157833,-0.47219
-0.124635,-0.486322
-0.0897099,-0.504914
-0.0541755,-0.527227
-0.021605,-0.548754
0.00743724,-0.571076
0.0309158,-0.595914
0.0489102,-0.615608
0.0620223,-0.626582
0.0763664,-0.633056
0.0956138,-0.635473
0.122452,-0.636523
0.159329,-0.637127
0.205547,-0.630323
0.256867,-0.630606
0.311713,-0.640676
0.362355,-0.652054
0.405847,-0.666232
0.442195,-0.689662
0.467977,-0.7139
0.483273,-0.721941
0.492666,-0.729119
0.495216,-0.735368
0.494827,-0.729473
0.493345,-0.718811
0.494838,-0.708539
0.500054,-0.708615
0.51094,-0.71296
0.529755,-0.723034
0.556834,-0.742029
0.588394,-0.754626
0.622479,-0.755577
0.654608,-0.759176
0.684639,-0.76114
0.709787,-0.747178
0.728461,-0.730775
0.742201,-0.726293
0.751378,-0.718583
0.757983,-0.711309
0.763957,-0.715457
0.772278,-0.712818
0.783032,-0.700354
0.79747,-0.692746
0.814029,-0.681734
0.832654,-0.662631
0.846342,-0.650711
0.858674,-0.648451
0.870109,-0.642147
0.879977,-0.640008
0.89064,-0.647246
0.902858,-0.643282
0.917822,-0.629341
0.933407,-0.620615
0.94674,-0.607575
0.957529,-0.581634
0.963183,-0.5578
0.965403,-0.536353
0.965021,-0.51215
0.96518,-0.49558
0.966386,-0.483735
0.969386,-0.476293
0.972761,-0.474558
0.975018,-0.461294
0.974573,-0.443851
0.97088,-0.427865
0.966142,-0.402701
0.962666,-0.373214
0.960873,-0.348442
0.961742,-0.322028
0.961437,-0.294022
0.957044,-0.276449
0.950862,-0.255752
0.939742,-0.232118
0.926831,-0.219169
0.915049,-0.200805
0.904074,-0.179679
0.895842,-0.167143
0.885677,-0.150458
0.873454,-0.128305
0.857265,-0.114057
0.839714,-0.100608
0.822147,-0.0789307
0.806221,-0.0629745
0.794053,-0.0480459
0.782275,-0.0286649
0.770512,-0.0133413
0.755969,0.00527777
0.737329,0.030375
0.715819,0.0573602
0.691144,0.0896246
0.66967,0.124306
0.648323,0.163959
0.630999,0.207338
0.613184,0.251977
0.594989,0.293852
0.573711,0.333295
0.547366,0.368722
0.517487,0.382078
0.484824,0.39194
0.451834,0.409094
0.420484,0.41289
0.390905,0.410332
0.365825,0.416734
0.344089,0.421322
0.323924,0.416582
0.301352,0.420036
0.278385,0.43001
0.253998,0.437544
0.22326,0.448611
0.190367,0.469272
0.155473,0.493724
0.11587,0.515989
0.0763863,0.538666
0.0390678,0.566038
0.00442074,0.590106
-0.0244216,0.611096
-0.0450155,0.637847
-0.0601609,0.659982
-0.0728724,0.666507
-0.0883444,0.670304
-0.112797,0.675949
-0.147423,0.665089
-0.19,0.655328
-0.239797,0.663812
-0.29224,0.673143
-0.344107,0.680966
-0.391269,0.700236
-0.429722,0.732312
-0.459467,0.756754
-0.481253,0.772727
-0.493191,0.794019
-0.495476,0.801132
-0.493095,0.790125
-0.490274,0.775882
-0.488992,0.767829
-0.492888,0.758621
-0.504628,0.752418
-0.522815,0.766419
-0.549987,0.781771
-0.584056,0.78737
-0.62289,0.790053
-0.661173,0.789955
-0.694557,0.78293
-0.722313,0.775664
-0.744296,0.777011
-0.758318,0.778385
-0.765483,0.782028
-0.769888,0.790004
-0.772744,0.790236
-0.776986,0.780209
-0.785647,0.765577
-0.802256,0.74688
-0.825665,0.729187
-0.851606,0.716166
-0.878719,0.708097
-0.902695,0.707056
-0.921727,0.710904
-0.936878,0.709799
-0.949067,0.69967
-0.962372,0.682218
-0.975532,0.659854
-0.987136,0.634817
-0.995603,0.61505
-1.00186,0.597755
-1.00287,0.578967
-0.999702,0.563195
-0.994172,0.558232
-0.989214,0.548449
-0.989324,0.53023
-0.994683,0.518619
-1.00202,0.503044
-1.00874,0.474526
-1.01336,0.443109
-1.01423,0.418699
-1.01433,0.390921
-1.01476,0.362777
-1.01549,0.341531
-1.01623,0.32042
-1.01337,0.307526
-1.00727,0.29862
-0.995777,0.281706
-0.979022,0.266055
-0.960915,0.248778
-0.944631,0.220864
-0.93217,0.189186
-0.921911,0.160353
-0.910026,0.126475
-0.898131,0.0918126
-0.884775,0.0603782
-0.870887,0.0291595
-0.858173,0.0103652
-0.848856,-0.00938554
-0.840919,-0.0269117
-0.832228,-0.0370656
-0.819871,-0.0583645
-0.802106,-0.0827209
-0.777816,-0.114247
-0.750984,-0.154006
-0.721902,-0.196379
-0.695328,-0.238472
-0.670431,-0.280647
-0.646879,-0.323049
-0.623998,-0.349111
-0.600736,-0.363945
-0.577159,-0.378498
-0.550676,-0.379996
-0.525432,-0.375981
-0.501465,-0.380485
-0.478879,-0.387269
-0.458121,-0.394072
-0.438406,-0.408679
-0.41998,-0.430046
-0.398928,-0.450856
-0.374635,-0.473345
-0.344629,-0.493292
-0.310529,-0.515659
-0.271785,-0.542439
-0.228938,-0.559514
-0.183174,-0.577611
-0.136669,-0.598206
-0.0920854,-0.606913
-0.0515178,-0.614938
-0.0152571,-0.633133
0.0129773,-0.648827
0.0314169,-0.661073
0.043484,-0.683323
0.0513421,-0.705644
0.0588513,-0.716406
0.0732044,-0.722275
0.0990375,-0.727833
0.135401,-0.731797
0.182502,-0.731672
0.237351,-0.728954
0.294572,-0.742036
0.351931,-0.756954
0.402698,-0.771617
0.447237,-0.796381
0.483841,-0.819809
0.51032,-0.828772
0.525111,-0.834058
0.531009,-0.83752
0.530786,-0.820679
0.524853,-0.804752
0.518437,-0.806917
0.515999,-0.808874
0.518386,-0.817287
0.528943,-0.831102
0.549256,-0.837294
0.579125,-0.83905
0.616181,-0.837646
0.657443,-0.826204
0.700872,-0.821847
0.741605,-0.828846
0.777907,-0.834483
0.805304,-0.841043
0.825022,-0.843228
0.83728,-0.835625
0.84291,-0.823203
0.844514,-0.802991
0.845578,-0.778862
0.847529,-0.764953
0.854897,-0.760303
0.867349,-0.762104
0.883691,-0.765729
0.901376,-0.758493
0.920024,-0.751538
0.939113,-0.739691
0.958718,-0.716179
0.975746,-0.691569
0.990757,-0.674977
1.00702,-0.65997
1.02294,-0.651325
1.03697,-0.649429
1.04561,-0.635761
1.04986,-0.619021
1.05015,-0.60171
1.04669,-0.574399
1.04282,-0.544926
1.0414,-0.515231
1.04121,-0.487934
1.03984,-0.47065
1.0378,-0.454412
1.03427,-0.438403
1.03093,-0.435989
1.02775,-0.427937
1.02687,-0.406661
1.02803,-0.395024
1.02875,-0.38094
1.02523,-0.353205
1.01894,-0.330032
1.00999,-0.304557
1.00004,-0.269049
0.990264,-0.23715
0.982565,-0.207242
0.973866,-0.178241
0.960657,-0.161268
0.945397,-0.13988
0.927862,-0.116182
0.908886,-0.107012
0.892279,-0.0910323
0.878232,-0.0715627
0.864478,-0.0690223
0.850027,-0.0647154
0.831918,-0.0492206
0.81211,-0.0377695
0.790591,-0.0213881
0.769732,0.00586114
0.749668,0.0323556
0.732243,0.0608071
0.714503,0.0905194
0.696599,0.123872
0.67492,0.16256
0.649679,0.205057
0.621268,0.248749
0.58999,0.293536
0.558098,0.33183
0.527272,0.349848
0.499528,0.357955
0.474211,0.369503
0.449504,0.365959
0.422807,0.353596
0.395236,0.354374
0.364978,0.351887
0.332964,0.342277
0.30013,0.345289
0.268819,0.35882
0.235538,0.373398
0.202191,0.392245
0.169284,0.419424
0.136962,0.447234
0.103559,0.471719
0.0706761,0.49463
0.0388763,0.516911
0.00803125,0.54257
-0.0192711,0.561326
-0.0413448,0.570254
-0.0603701,0.578835
-0.0793465,0.578519
-0.102136,0.567258
-0.131352,0.557248
-0.170909,0.548049
-0.21987,0.544144
-0.275029,0.551964
-0.33224,0.565791
-0.387597,0.58213
-0.437756,0.602645
-0.477129,0.627995
-0.506619,0.655118
-0.529192,0.677928
-0.54047,0.691525
-0.542935,0.697218
-0.539917,0.695599
-0.535644,0.675725
-0.532001,0.653887
-0.532468,0.64522
-0.541872,0.639458
-0.560103,0.636598
-0.586524,0.647483
-0.619725,0.672968
-0.659167,0.687537
-0.702764,0.695742
-0.745611,0.709154
-0.784589,0.712853
-0.822178,0.702719
-0.85328,0.689802
-0.874858,0.686206
-0.887172,0.676416
-0.892172,0.663134
-0.887799,0.664288
-0.880544,0.673387
-0.873997,0.671011
-0.871332,0.665359
-0.876812,0.661911
-0.890154,0.649765
-0.913132,0.63031
-0.93738,0.621644
-0.961884,0.621999
-0.984083,0.614
-1.00349,0.606449
-1.01904,0.616576
-1.03333,0.625107
-1.0475,0.616772
-1.05839,0.613808
-1.0644,0.608125
-1.06463,0.587456
-1.05919,0.555767
-1.05074,0.528859
-1.04245,0.507678
-1.03718,0.483401
-1.03473,0.463749
-1.03318,0.455581
-1.03245,0.46086
-1.03187,0.456575
-1.03156,0.443716
-1.0311,0.437174
-1.03338,0.425476
-1.03861,0.401511
-1.04186,0.379342
-1.04094,0.358304
-1.03557,0.331848
-1.02566,0.30668
-1.01148,0.286387
-0.996577,0.262165
-0.982502,0.243449
-0.968561,0.228286
-0.953645,0.210203
-0.937969,0.194956
-0.919523,0.180901
-0.902451,0.163018
-0.888189,0.148602
-0.877795,0.135175
-0.869268,0.121294
-0.858874,0.113672
-0.846476,0.106255
-0.828943,0.0940626
-0.807027,0.0864367
-0.782006,0.0749912
-0.756442,0.0573974
-0.733736,0.042875
-0.713215,0.0275605
-0.692595,0.00513773
-0.670482,-0.0159568
-0.644753,-0.0391707
-0.617271,-0.0680898
-0.587043,-0.0997974
-0.556836,-0.134033
-0.527947,-0.17181
-0.502335,-0.210806
-0.482036,-0.250725
-0.462976,-0.28918
-0.444853,-0.314046
-0.42378,-0.328865
-0.398183,-0.339557
-0.370071,-0.332073
-0.335201,-0.329172
-0.296645,-0.33535
-0.254657,-0.334353
-0.212266,-0.329241
-0.169816,-0.332927
-0.129711,-0.338115
-0.0932148,-0.338553
-0.0608523,-0.34666
-0.0312709,-0.363392
-0.00617787,-0.376314
0.0144003,-0.388043
0.0295626,-0.399466
0.0424599,-0.410543
0.0564212,-0.419141
0.0760465,-0.429333
0.104571,-0.445916
0.142222,-0.465524
0.191301,-0.483312
0.248446,-0.505026
0.307716,-0.528667
0.367243,-0.547926
0.423401,-0.564736
0.474505,-0.577729
0.515162,-0.580712
0.544417,-0.578709
0.564149,-0.576322
0.572619,-0.564105
0.572902,-0.546354
0.570972,-0.536217
0.565885,-0.531295
0.563883,-0.52845
0.564973,-0.535509
0.573889,-0.554728
0.590114,-0.575223
0.61326,-0.593659
0.643694,-0.606221
0.682022,-0.617383
0.723626,-0.626681
0.767158,-0.624926
0.807371,-0.620062
0.843202,-0.614956
0.871514,-0.605205
0.88952,-0.594448
0.901603,-0.58783
0.904869,-0.585384
0.903166,-0.584629
0.901615,-0.585561
0.902761,-0.582298
0.90875,-0.575685
0.919254,-0.570118
0.93279,-0.562635
0.946928,-0.551587
0.961572,-0.539101
0.975505,-0.531851
0.988655,-0.526705
1.00225,-0.520936
1.01733,-0.522673
1.03339,-0.529695
1.04878,-0.536625
1.05858,-0.540712
1.0637,-0.535273
1.06532,-0.524311
1.06397,-0.505786
1.06143,-0.48204
1.06181,-0.457434
1.06261,-0.434872
1.06334,-0.413795
1.06084,-0.394951
1.05657,-0.384322
1.05186,-0.372034
1.04736,-0.358192
1.04519,-0.356803
1.04378,-0.355939
1.04106,-0.349113
1.03471,-0.342221
1.02721,-0.333508
1.01701,-0.314801
1.00711,-0.294206
0.998388,-0.273612
0.990948,-0.250459
0.980936,-0.23301
0.96896,-0.212732
0.953838,-0.188468
0.937441,-0.169486
0.921488,-0.148322
0.906627,-0.124822
0.894016,-0.116737
0.880848,-0.110265
0.865906,-0.102429
0.846927,-0.107389
0.824704,-0.109305
0.799971,-0.10475
0.778153,-0.100714
0.757718,-0.0926551
0.737705,-0.0792548
0.718384,-0.0649173
0.69655,-0.0483263
0.671081,-0.0263483
0.643415,-0.00342042
0.614502,0.020976
0.585629,0.0461014
0.558888,0.0712649
0.535154,0.0973924
0.514427,0.126374
0.495097,0.158828
0.474297,0.191947
0.449869,0.22533
0.42082,0.252177
0.386695,0.277018
0.350194,0.29667
0.310104,0.293145
0.269679,0.286085
0.231166,0.28433
0.195194,0.268395
0.16363,0.25109
0.136144,0.247121
0.111072,0.247348
0.0882375,0.245522
0.0652815,0.254084
0.045011,0.274871
0.0261722,0.291474
0.00830932,0.304912
-0.0101437,0.325799
-0.0298009,0.344183
-0.0544494,0.357591
-0.0841663,0.369712
-0.122739,0.38242
-0.168557,0.396017
-0.22056,0.406575
-0.278761,0.416658
-0.339592,0.427335
-0.40019,0.429885
-0.455668,0.429396
-0.505126,0.430481
-0.544443,0.427001
-0.57125,0.419799
-0.588107,0.415564
-0.594234,0.410886
-0.593374,0.405894
-0.588986,0.406504
-0.58495,0.413076
-0.583736,0.420765
-0.589007,0.429656
-0.60223,0.441962
-0.624323,0.45271
-0.652224,0.468732
-0.68557,0.48472
-0.724375,0.497474
-0.764622,0.506482
-0.804992,0.509283
-0.844059,0.505105
-0.877896,0.498528
-0.903323,0.484232
-0.920187,0.465282
-0.928493,0.452299
-0.929598,0.444337
-0.925356,0.435471
-0.920907,0.428789
-0.920534,0.432491
-0.926249,0.438499
-0.936968,0.446013
-0.953042,0.463694
-0.971844,0.477901
-0.989168,0.484975
-1.00474,0.484724
-1.02018,0.478733
-1.03674,0.468863
-1.05373,0.453519
-1.07018,0.434519
-1.08356,0.419206
-1.09191,0.408375
-1.09456,0.397121
-1.09133,0.38614
-1.08575,0.381594
-1.07896,0.375715
-1.07333,0.365439
-1.06879,0.367415
-1.06394,0.375339
-1.05804,0.374953
-1.05233,0.373519
-1.04965,0.369095
-1.05082,0.357799
-1.05473,0.339157
-1.05913,0.320948
-1.06036,0.304347
-1.05701,0.283874
-1.04968,0.261211
-1.0391,0.238359
-1.02719,0.221438
-1.0152,0.205689
-1.00188,0.189514
-0.984022,0.186401
-0.964044,0.183732
-0.942012,0.17345
-0.92151,0.16783
-0.903613,0.164273
-0.889225,0.156133
-0.877608,0.147879
-0.866802,0.143116
-0.851707,0.138796
-0.834094,0.134056
-0.813611,0.126124
-0.790818,0.116547
-0.769378,0.107925
-0.749649,0.100159
-0.730392,0.0903767
-0.710853,0.0845741
-0.689233,0.0756214
-0.663962,0.0614913
-0.633123,0.0464341
-0.600162,0.0297549
-0.569246,0.0102979
-0.540914,-0.00887745
-0.516683,-0.0258003
-0.494592,-0.0450531
-0.476278,-0.066156
-0.458018,-0.088013
-0.435585,-0.112791
-0.408558,-0.140384
-0.376783,-0.170237
-0.339243,-0.20152
-0.296845,-0.226787
-0.253169,-0.251069
-0.211722,-0.271976
-0.173379,-0.271212
-0.136989,-0.265287
-0.104335,-0.262888
-0.0765959,-0.246494
-0.0513269,-0.226184
-0.0290391,-0.216292
-0.0097848,-0.209019
0.00594781,-0.200389
0.0207673,-0.201559
0.0369976,-0.212898
0.0584727,-0.21979
0.0880108,-0.229857
0.127898,-0.246321
0.176037,-0.264008
0.230745,-0.280082
0.290455,-0.292249
0.353576,-0.306752
0.415109,-0.319755
0.472233,-0.327022
0.520909,-0.335761
0.55799,-0.34644
0.582927,-0.350627
0.595005,-0.349049
0.599327,-0.349866
0.597597,-0.349387
0.594191,-0.344907
0.592786,-0.346689
0.593533,-0.353273
0.599213,-0.359682
0.611809,-0.364017
0.631424,-0.366273
0.659014,-0.367992
0.692023,-0.371031
0.730124,-0.371039
0.77054,-0.37423
0.811653,-0.380798
0.848423,-0.380476
0.87985,-0.376954
0.902524,-0.374466
0.9159,-0.370383
0.921164,-0.363116
0.922789,-0.360508
0.920098,-0.360789
0.919582,-0.357735
0.922813,-0.358165
0.933361,-0.363887
0.946814,-0.370708
0.962654,-0.378385
0.978272,-0.385319
0.993399,-0.387871
1.00634,-0.385423
1.01794,-0.37792
1.02957,-0.365907
1.04267,-0.356383
1.05508,-0.34867
1.06601,-0.340506
1.0718,-0.330174
1.07404,-0.321538
1.07277,-0.310086
1.07057,-0.299184
1.06975,-0.295377
1.06961,-0.294514
1.06787,-0.294557
1.06512,-0.299887
1.06096,-0.300097
1.05686,-0.297381
1.05192,-0.293958
1.04863,-0.290922
1.04698,-0.287217
1.04641,-0.283139
1.04274,-0.27504
1.03416,-0.2634
1.02306,-0.248339
1.01235,-0.231228
1.00146,-0.213936
0.99074,-0.202336
0.979413,-0.190374
0.965379,-0.17858
0.949724,-0.170238
0.931063,-0.158803
0.911997,-0.146071
0.896035,-0.142507
0.882795,-0.138307
0.86892,-0.135422
0.85313,-0.140135
0.833715,-0.142395
0.811611,-0.137976
0.787797,-0.134241
0.764641,-0.129687
0.743007,-0.120031
0.724191,-0.111347
0.707258,-0.104528
0.687344,-0.0955923
0.665443,-0.0841078
0.639908,-0.0732863
0.611672,-0.0607102
0.582587,-0.0499129
0.554545,-0.0390554
0.52855,-0.0280422
0.504913,-0.0184174
0.483637,-0.00682225
0.461284,0.00449402
0.437908,0.0177969
0.410405,0.0334927
0.379542,0.0521767
0.345557,0.0716584
0.311231,0.0931014
0.274195,0.116034
0.238938,0.13998
0.205036,0.163534
0.173143,0.186015
0.142402,0.202702
0.113234,0.213426
0.0850343,0.225041
0.05762,0.222939
0.0327465,0.211426
0.00964274,0.199713
-0.0092144,0.182731
-0.0252328,0.161745
-0.0409285,0.146811
-0.0604274,0.141161
-0.0877422,0.136114
-0.123893,0.139688
-0.169396,0.163701
-0.22299,0.190534
-0.279828,0.214226
-0.33837,0.246131
-0.394106,0.275896
-0.446865,0.292102
-0.49283,0.293196
-0.528223,0.290803
-0.554904,0.284429
-0.572697,0.265206
-0.582518,0.24581
-0.586115,0.236046
-0.582612,0.224185
-0.57984,0.211976
-0.580371,0.211906
-0.586846,0.2206
-0.599609,0.228383
-0.620376,0.239354
-0.648745,0.255611
-0.68466,0.267849
-0.724101,0.277681
-0.763034,0.284279
-0.802811,0.288544
-0.839545,0.288951
-0.869099,0.285624
-0.889336,0.281841
-0.901456,0.275476
-0.907012,0.264858
-0.907848,0.254505
-0.90618,0.246401
-0.905726,0.240623
-0.909636,0.237856
-0.919367,0.240182
-0.933782,0.247953
-0.951683,0.255313
-0.969973,0.260717
-0.985247,0.267037
-0.998952,0.27161
-1.01243,0.272036
-1.02639,0.269887
-1.04105,0.266895
-1.05569,0.267709
-1.06843,0.269254
-1.07584,0.268992
-1.07822,0.269509
-1.07678,0.267648
-1.07192,0.260492
-1.06925,0.251633
-1.06775,0.245095
-1.06691,0.23723
-1.06417,0.229956
-1.05887,0.224936
-1.05505,0.218805
-1.05027,0.208274
-1.04936,0.200694
-1.05002,0.193925
-1.04966,0.18681
-1.04663,0.184418
-1.04165,0.182327
-1.03104,0.176697
-1.01675,0.174532
-1.00393,0.173357
-0.991676,0.171026
-0.978327,0.17373
-0.963537,0.177952
-0.944734,0.178276
-0.925743,0.175747
-0.906296,0.172496
-0.89059,0.165799
-0.876841,0.156467
-0.864519,0.148055
-0.852064,0.141603
-0.838067,0.134253
-0.82009,0.125124
-0.798245,0.116336
-0.775277,0.111447
-0.753084,0.106161
-0.731771,0.102203
-0.71161,0.104717
-0.692293,0.107294
-0.671295,0.105295
-0.647712,0.103613
-0.618937,0.0995296
-0.589313,0.0909413
-0.559115,0.081373
-0.530426,0.0740155
-0.504365,0.0650406
-0.483376,0.0556582
-0.464437,0.0481585
-0.445238,0.0379491
-0.422428,0.029031
-0.396029,0.018629
-0.363838,0.00630671
-0.329724,-0.00573162
-0.290359,-0.018851
-0.247449,-0.0340511
-0.205658,-0.051068
-0.166454,-0.0676153
-0.129798,-0.0855618
-0.0973477,-0.103899
-0.0692347,-0.121464
-0.0436898,-0.138818
-0.0214064,-0.15475
-0.00309553,-0.167865
0.0123719,-0.179591
0.0277247,-0.18245
0.044789,-0.181926
0.0682176,-0.179444
0.0997531,-0.16842
0.139058,-0.157726
0.187343,-0.150988
0.241612,-0.144815
0.300708,-0.13846
0.360405,-0.139357
0.415875,-0.149256
0.464638,-0.156043
0.505579,-0.164675
0.536145,-0.181765
0.553821,-0.191842
0.564057,-0.195965
0.566927,-0.197176
0.564261,-0.196796
0.562018,-0.190083
0.562679,-0.178548
0.568276,-0.170864
0.579793,-0.164565
0.598029,-0.15801
0.623328,-0.154527
0.654856,-0.158308
0.690874,-0.170519
0.728404,-0.179528
0.766147,-0.192434
0.801239,-0.207995
0.829853,-0.218455
0.851883,-0.224143
0.866124,-0.222838
0.871993,-0.215948
0.875986,-0.207569
0.875963,-0.193508
0.877599,-0.180598
0.882425,-0.172209
0.893967,-0.167598
0.910043,-0.165788
0.92847,-0.17026
0.944668,-0.18188
0.959505,-0.19244
0.972378,-0.203436
0.981981,-0.215916
0.989623,-0.22391
0.998324,-0.228249
1.00953,-0.22616
1.01999,-0.223127
1.02779,-0.219653
1.03185,-0.211305
1.03222,-0.200507
1.03015,-0.190047
1.0273,-0.17668
1.02596,-0.163052
1.02739,-0.157502
1.02782,-0.160584
1.02672,-0.161845
1.02421,-0.164314
1.01834,-0.174823
1.01245,-0.182268
1.0074,-0.18475
1.00465,-0.189327
1.00185,-0.197544
0.996939,-0.197608
0.988388,-0.188858
0.97731,-0.182125
0.96479,-0.170064
0.952839,-0.148535
0.942923,-0.130443
0.933301,-0.121252
0.92299,-0.118357
0.909928,-0.114136
0.894042,-0.118733
0.875183,-0.132884
0.857112,-0.139238
0.840295,-0.144374
0.826265,-0.153549
0.813676,-0.159943
0.798284,-0.159089
0.779259,-0.15292
0.758636,-0.147151
0.734908,-0.136015
0.711046,-0.118294
0.688111,-0.102326
0.666786,-0.0915917
0.648038,-0.0837478
0.630968,-0.0795131
0.610721,-0.0793855
0.586662,-0.0820813
0.561034,-0.0825145
0.532312,-0.0798335
0.502753,-0.0790479
0.473789,-0.0776057
0.447001,-0.0736462
0.420818,-0.0695989
0.396554,-0.0670029
0.373706,-0.0617313
0.351508,-0.0537221
0.3274,-0.0481294
0.300346,-0.0408189
0.272081,-0.0326476
0.24066,-0.0253911
0.206681,-0.0173796
0.173273,-0.00765369
0.139462,0.00113264
0.106042,0.0109902
0.075637,0.0208355
0.0447984,0.0307605
0.0172006,0.0435778
-0.00543264,0.057775
-0.0221878,0.0698112
-0.0351837,0.0832417
-0.0490196,0.0953991
-0.0666659,0.10627
-0.0920219,0.116282
-0.127572,0.124839
-0.172332,0.136053
-0.224187,0.146839
-0.278114,0.153515
-0.332437,0.157793
-0.38429,0.162828
-0.429292,0.161793
-0.467715,0.156345
-0.497721,0.152223
-0.518004,0.14529
-0.52839,0.132665
-0.529561,0.120184
-0.523268,0.113388
-0.516512,0.103831
-0.512935,0.0990392
-0.517517,0.106729
-0.530626,0.116346
-0.555122,0.123555
-0.588564,0.139315
-0.629909,0.155349
-0.672135,0.166996
-0.712749,0.176607
-0.748188,0.18524
-0.775876,0.189327
-0.795104,0.181913
-0.805626,0.169329
-0.807248,0.157134
-0.804813,0.137968
-0.800957,0.11532
-0.800013,0.102692
-0.80566,0.100287
-0.819798,0.100846
-0.841655,0.111691
-0.865742,0.135871
-0.890705,0.155391
-0.911866,0.170572
-0.928089,0.18562
-0.939868,0.195518
-0.948378,0.199007
-0.955813,0.194282
-0.964668,0.185031
-0.975476,0.174151
-0.985236,0.154037
-0.99164,0.132969
-0.994426,0.120512
-0.992053,0.114335
-0.987286,0.107337
-0.982243,0.109032
-0.98013,0.12354
-0.980617,0.135189
-0.983424,0.145155
-0.98406,0.160508
-0.983787,0.173825
-0.979211,0.179509
-0.976022,0.177366
-0.974061,0.175735
-0.973008,0.171467
-0.972474,0.158321
-0.969817,0.147543
-0.964593,0.141313
-0.954756,0.133393
-0.940804,0.121924
-0.92468,0.11535
-0.910766,0.116122
-0.899891,0.115612
-0.889244,0.117524
-0.878088,0.126852
-0.864869,0.134612
-0.847725,0.135643
-0.829673,0.136034
-0.81252,0.13674
-0.797314,0.133415
-0.785942,0.12743
-0.775508,0.123655
-0.763766,0.1205
-0.748655,0.113506
-0.727478,0.10532
-0.702426,0.099858
-0.67531,0.0936192
-0.649836,0.087081
-0.626804,0.0832488
-0.607507,0.0828527
-0.590264,0.0823482
-0.573839,0.08134
-0.554532,0.0811878
-0.533097,0.0812731
-0.508048,0.0787244
-0.478595,0.0757374
-0.446061,0.0726242
-0.413164,0.0680507
-0.382228,0.0636446
-0.355554,0.0600331
-0.331353,0.0556803
-0.310824,0.0509863
-0.292683,0.0478624
-0.274053,0.0439685
-0.254146,0.0400207
-0.231408,0.0351288
-0.204224,0.0285186
-0.173326,0.0219378
-0.137396,0.0149475
-0.0983084,0.00670527
-0.057471,-0.000278857
-0.0175271,-0.00892873
0.0184513,-0.0187356
0.044678,-0.0294423
0.0621296,-0.0365348
0.0754655,-0.0439756
0.0888099,-0.0514485
0.107112,-0.059506
0.134492,-0.0699871
0.17231,-0.080463
0.219689,-0.0930542
0.273832,-0.104614
0.326473,-0.114263
0.374805,-0.124273
0.415777,-0.131767
0.444372,-0.134583
0.461394,-0.133157
0.470402,-0.130235
0.474104,-0.122356
0.471585,-0.110732
0.469017,-0.0993211
0.471633,-0.0898357
0.478506,-0.0820409
0.491833,-0.0795313
0.51213,-0.084002
0.540583,-0.0873214
0.57544,-0.0930812
0.611049,-0.102492
0.646187,-0.110151
0.676932,-0.118156
0.700486,-0.125216
0.715883,-0.127942
0.726639,-0.128308
0.733272,-0.126976
0.736197,-0.123704
0.741375,-0.120911
0.747431,-0.11581
0.758054,-0.112371
0.773636,-0.110843
0.793149,-0.109152
0.815759,-0.109334
0.836787,-0.111253
0.853901,-0.114468
0.866145,-0.115087
0.876126,-0.115484
0.883142,-0.116935
0.888798,-0.115241
0.895622,-0.113434
0.904029,-0.11364
0.914046,-0.11564
0.923098,-0.117177
0.928858,-0.118331
0.92988,-0.117074
0.929291,-0.115907
0.925651,-0.114679
0.921551,-0.111553
0.922256,-0.109767
0.924978,-0.109354
0.929907,-0.109365
0.932069,-0.10976
0.931295,-0.111028
0.926288,-0.110802
0.919694,-0.107559
0.912621,-0.102719
0.906961,-0.098468
0.904716,-0.0983979
0.902632,-0.0981665
0.898614,-0.0976015
0.892133,-0.0955735
0.882407,-0.0943257
0.870171,-0.0912098
0.856616,-0.0873954
0.844969,-0.0842298
0.836281,-0.0830993
0.829941,-0.0828105
0.821194,-0.082953
0.80862,-0.0836437
0.793881,-0.0813576
0.77762,-0.0795195
0.758911,-0.0763105
0.742089,-0.0729184
0.727264,-0.0708683
0.716024,-0.0701641
0.70369,-0.0687469
0.691106,-0.0676456
0.675764,-0.0663252
0.654403,-0.062995
0.630009,-0.0590443
0.604716,-0.0552507
0.580367,-0.0497647
0.558485,-0.0458205
0.539703,-0.0446183
0.523636,-0.0429885
0.509285,-0.0407957
0.492535,-0.0401786
0.473193,-0.0364963
0.448542,-0.0328095
0.421452,-0.0292383
0.393332,-0.02516
0.362482,-0.0225209
0.331957,-0.0184003
0.303099,-0.0140488
0.274203,-0.00954367
0.247918,-0.00491598
0.223129,-0.000483779
0.198601,0.00456356
0.175588,0.00834396
0.153001,0.0132458
0.130949,0.0177118
0.108602,0.0213993
0.0850817,0.026707
0.0613304,0.0314583
0.0418507,0.0358205
0.0224426,0.0416673
0.00509399,0.0453141
-0.00997844,0.0499635
-0.0279568,0.0544646
-0.0495057,0.0571406
-0.0765527,0.0602637
-0.109906,0.0647782
-0.149664,0.06754
-0.193783,0.0701218
-0.241679,0.0748344
-0.291825,0.0775668
-0.342527,0.0799534
-0.390505,0.0840603
-0.430614,0.0873317
-0.462071,0.0881358
-0.484618,0.0874991
-0.498158,0.0859199
-0.50183,0.0801463
-0.499892,0.074362
-0.497932,0.069377
-0.496279,0.0649836
-0.498113,0.0620968
-0.505804,0.0610609
-0.519155,0.0589843
-0.536195,0.0570477
-0.557181,0.0578937
-0.582615,0.0594473
-0.608389,0.0612083
-0.631926,0.0642292
-0.654005,0.0648508
-0.675753,0.0655733
-0.696324,0.0652708
-0.714132,0.0637417
-0.731857,0.0614459
-0.750175,0.0608714
-0.76828,0.0599788
-0.783083,0.0597886
-0.792803,0.0582023
-0.797751,0.0570048
-0.798748,0.0558287
-0.798748,0.0550957
-0.798232,0.0515197
-0.800727,0.0495242
-0.808434,0.0472841
-0.822372,0.0454119
-0.841315,0.0455918
-0.861488,0.0482237
-0.877743,0.0484362
-0.889365,0.0495829
-0.893546,0.0499786
-0.891487,0.0488481
-0.88679,0.0464255
-0.881824,0.0439192
-0.879488,0.0416842
-0.880807,0.0410767
-0.884694,0.0413406
-0.886522,0.0410878
-0.88626,0.0404846
-0.883687,0.0397076
-0.879242,0.0375595
-0.875798,0.0352564
-0.873637,0.0338382
-0.873674,0.0346885
-0.87408,0.0374646
-0.872942,0.0396363
-0.867786,0.0412609
-0.857722,0.0416759
-0.84177,0.0411607
-0.822829,0.0394056
-0.806355,0.0388438
-0.792628,0.0383153
-0.78457,0.0402466
-0.776654,0.0430692
-0.768274,0.0452313
-0.758509,0.0480542
-0.74674,0.0509024
-0.732253,0.0512473
-0.715619,0.0504475
-0.700056,0.0504109
-0.687076,0.0503933
-0.676669,0.0525882
-0.665897,0.0543622
-0.654719,0.0562945
-0.63993,0.057715
-0.620324,0.0584422
-0.595722,0.0586302
-0.568217,0.0571791
-0.5379,0.0557142
-0.509922,0.054991
-0.486981,0.0549827
-0.468113,0.0549706
-0.453485,0.0548939
-0.438639,0.058146
-0.424978,0.0603386
-0.408362,0.0604433
-0.388692,0.0600249
-0.364293,0.059537
-0.336427,0.0589792
-0.304319,0.0580695
-0.271813,0.0570117
-0.239872,0.0546163
-0.208479,0.0530165
-0.180981,0.050407
-0.157187,0.0479768
-0.138508,0.0468531
-0.121362,0.046192
-0.105132,0.0453653
-0.0904721,0.0463533
-0.0761903,0.0464375
-0.0629766,0.0447261
-0.0491758,0.0439743
-0.0344427,0.0423777
-0.0182215,0.0413645
0.000563804,0.03893
0.0228386,0.036457
0.0492536,0.0324281
0.0809443,0.0281568
0.117638,0.0228835
0.157907,0.0188278
0.200468,0.0148912
0.248288,0.00885632
0.298102,0.00335298
0.348002,-0.00359811
0.394751,-0.012383
0.43399,-0.0226492
0.461981,-0.0292872
0.481393,-0.0362141
0.490174,-0.0420641
0.490088,-0.0445388
0.486209,-0.0476802
0.48079,-0.0516652
0.477088,-0.0560495
0.476302,-0.0619364
0.481054,-0.067434
0.491874,-0.0724804
0.508888,-0.0777694
0.530383,-0.0831092
0.554768,-0.0877862
0.582512,-0.0941075
