0.146728,-6.98029
0.171716,-6.86498
0.197107,-6.75218
0.219174,-6.65576
0.238292,-6.57806
0.246858,-6.49629
0.207192,-6.25874
0.125897,-5.82761
0.0514477,-5.39084
-0.0210194,-4.9548
-0.105746,-4.55776
-0.189062,-4.19171
-0.243156,-3.84705
-0.246089,-3.49457
-0.202684,-3.14976
-0.123862,-2.84199
-0.0284755,-2.54621
0.0749956,-2.22177
0.173237,-1.88803
0.250979,-1.56757
0.296952,-1.25831
0.308944,-0.926947
0.294053,-0.560869
0.260111,-0.196187
0.200342,0.154797
0.110235,0.524115
0.00434764,0.918217
-0.105207,1.30691
-0.210474,1.6043
-0.307832,1.69124
-0.374214,1.64198
-0.401922,1.47109
-0.397737,1.16885
-0.366554,0.786789
-0.314732,0.365094
-0.24716,-0.0233937
-0.17443,-0.302378
-0.11252,-0.49697
-0.0705168,-0.692043
-0.0542111,-0.796024
-0.0537081,-0.775035
-0.0678775,-0.703062
-0.0851832,-0.521368
-0.106221,-0.252602
-0.132321,-0.012434
-0.152031,0.19541
-0.167755,0.364445
-0.175018,0.462208
-0.176582,0.460677
-0.176429,0.439632
-0.173752,0.443597
-0.168858,0.366674
-0.163683,0.25752
-0.166374,0.168924
-0.172873,0.0777213
-0.179218,-0.0166972
-0.178712,-0.0736949
-0.171608,-0.0639878
-0.167218,-0.0505885
-0.165169,-0.0372685
-0.163126,0.010951
-0.16108,0.037281
-0.157811,0.0539392
-0.153777,0.0763658
-0.149444,0.108973
-0.145323,0.144332
-0.143052,0.173647
-0.143589,0.200879
-0.143646,0.220907
-0.144919,0.227
-0.147376,0.226659
-0.150117,0.229986
-0.154029,0.214389
-0.158073,0.176115
-0.162527,0.140019
-0.166314,0.107347
-0.16618,0.0732004
-0.163766,0.0487216
-0.159355,0.0529411
-0.153756,0.0655037
-0.147682,0.0704947
-0.142347,0.086686
-0.137395,0.0987898
-0.13247,0.104638
-0.127832,0.111027
-0.124072,0.119885
-0.119667,0.125096
-0.116594,0.121811
-0.11378,0.115934
-0.111448,0.105572
-0.109893,0.0914723
-0.106576,0.0806959
-0.101792,0.0738213
-0.0988217,0.0716525
-0.0949291,0.0669326
-0.0915675,0.0657632
-0.0893891,0.069794
-0.0872776,0.0722083
-0.084402,0.0764049
-0.0820329,0.0844906
-0.0808916,0.091415
-0.0778306,0.0948862
-0.0762184,0.0982371
-0.074061,0.10343
-0.0731881,0.107188
-0.0723352,0.109242
-0.073257,0.112285
-0.073709,0.111644
-0.074642,0.107248
-0.0769694,0.104033
-0.078753,0.100462
-0.0799835,0.0941388
-0.0856244,0.0882513
-0.0890282,0.0811258
-0.0921142,0.0747261
-0.0968027,0.0655204
-0.10082,0.0584939
-0.105963,0.0540052
-0.108654,0.0461365
-0.111999,0.0389986
-0.116337,0.0316218
-0.118834,0.0223834
-0.120479,0.0121879
-0.123613,0.000247865
-0.126126,-0.00779996
-0.128111,-0.017416
-0.131061,-0.0259754
-0.131621,-0.032748
-0.132218,-0.0429883
-0.132886,-0.0473166
-0.136483,-0.0554961
-0.134131,-0.0643123
-0.13028,-0.069071
-0.126368,-0.0793235
-0.12299,-0.0790674
-0.117309,-0.0823945
-0.114883,-0.0831917
-0.106223,-0.0814154
-0.100459,-0.0807407
-0.0920056,-0.074854
-0.0841574,-0.0750094
-0.0760402,-0.0735662
-0.0744381,-0.066865
-0.0679578,-0.0673045
-0.0649222,-0.0692278
-0.0639735,-0.0705741
-0.0609419,-0.0725456
-0.0585083,-0.0700727
-0.0599173,-0.0750796
-0.0573544,-0.0806777
-0.0573207,-0.0877888
-0.0502669,-0.0985969
-0.0470336,-0.103752
-0.0460117,-0.11184
-0.0466223,-0.116626
-0.0530849,-0.131583
-0.0548193,-0.144715
-0.061228,-0.145955
-0.0569532,-0.158661
-0.059068,-0.155099
-0.0569284,-0.173401
-0.0556538,-0.17349
-0.0524381,-0.163037
-0.0481275,-0.16481
-0.049162,-0.14305
-0.0493551,-0.117705
-0.0523335,-0.0943455
-0.053731,-0.0710906
-0.0535451,-0.0520655
-0.0568093,-0.0328005
-0.0572221,-0.0191199
-0.0604661,-0.0162931
-0.0600076,-0.012994
-0.0591515,-0.0101882
-0.0586967,-0.0117037
-0.0570663,-0.00854585
-0.057719,-0.00678207
-0.0584763,-0.00648614
-0.0589318,-0.00563188
-0.0612012,-0.00328069
-0.0637446,-0.00182982
-0.0647744,0.000648182
-0.0675652,0.00354182
-0.0704753,0.00600649
-0.0742618,0.0104321
-0.0789229,0.00970652
-0.0799646,0.0155272
-0.084762,0.0166264
-0.0880704,0.0166965
-0.0911535,0.0183265
-0.0968578,0.0163304
-0.103319,0.0150622
-0.10795,0.0159122
-0.114809,0.0124985
-0.118551,0.0171933
-0.121161,0.0168427
-0.126672,0.0192026
-0.129696,0.0252097
-0.131289,0.0225895
-0.134132,0.0269009
-0.135524,0.0298142
-0.135132,0.0318495
-0.133936,0.0309727
-0.131424,0.0280028
-0.12977,0.0340034
-0.125445,0.0341977
-0.121824,0.0366204
-0.120436,0.0411285
-0.113444,0.0400318
-0.107037,0.0434125
-0.105161,0.045747
-0.100889,0.0491196
-0.0956235,0.0500107
-0.097118,0.055853
-0.0894351,0.0597137
-0.0848861,0.0602079
-0.0789183,0.05333
-0.0710545,0.0623509
-0.0685783,0.0580679
-0.0627093,0.0684018
-0.0648003,0.0622572
-0.0604905,0.0641547
-0.0624766,0.0725953
-0.0662108,0.0644666
-0.0574169,0.0681158
-0.059428,0.0689687
-0.0614385,0.0686419
-0.0599402,0.0777901
-0.0591012,0.0661023
-0.0561033,0.0662637
-0.0569487,0.0595509
-0.0555548,0.0524871
-0.0538801,0.0469888
-0.0538266,0.0377054
-0.0492498,0.0426877
-0.0511875,0.0332708
-0.0546097,0.0335163
-0.0559118,0.0436103
-0.0606889,0.0434695
-0.0575127,0.0569652
-0.0541193,0.0494508
-0.0501155,0.052121
-0.0427467,0.0655699
-0.0467683,0.0650218
-0.0494617,0.0698093
-0.0561004,0.0706841
-0.0536523,0.0741632
-0.0603759,0.0856427
-0.0627156,0.0732602
-0.0634983,0.086315
-0.0588853,0.0936018
-0.0492089,0.0984664
-0.0519925,0.101638
-0.0535804,0.100288
-0.058616,0.107806
-0.0675928,0.106511
-0.0810117,0.121859
-0.101746,0.125136
-0.108553,0.119421
-0.120062,0.132954
-0.134223,0.131068
-0.136742,0.120217
-0.143678,0.122527
-0.158894,0.124773
-0.177682,0.143216
-0.193985,0.150483
-0.215943,0.163407
-0.23401,0.184673
-0.236283,0.197913
-0.239463,0.201682
-0.243062,0.206945
-0.249421,0.200323
-0.245388,0.170765
-0.246817,0.12888
-0.244309,0.0942951
-0.233156,0.0504533
-0.220097,0.0215123
-0.210784,0.0020163
-0.196879,-0.016915
-0.179712,-0.0133347
-0.159935,-0.0143509
-0.139476,-0.0135097
-0.119158,-0.012199
-0.0999957,-0.0155856
-0.0827224,-0.0199003
-0.0686162,-0.0235364
-0.0600543,-0.0240628
-0.0562082,-0.0257351
-0.055156,-0.0252124
-0.0548862,-0.0249251
-0.0538555,-0.0242239
-0.0489954,-0.0244569
-0.042141,-0.0240533
-0.0346101,-0.0237741
-0.0274766,-0.0242145
-0.0247725,-0.0225764
-0.0243925,-0.0211672
-0.0254505,-0.0181648
-0.0258939,-0.0162785
-0.0244486,-0.0135536
-0.0207248,-0.0113309
-0.0172031,-0.00855681
-0.0153479,-0.00669966
-0.0148346,-0.00542005
-0.0155993,-0.00356991
-0.0194318,-0.00157363
-0.0217533,0.00103105
-0.0245153,0.00245068
-0.024183,0.00440264
-0.0236647,0.00580811
-0.0262346,0.00516132
-0.0254989,0.00697972
-0.0277383,0.00871817
-0.0285883,0.00990693
-0.0296869,0.0121752
-0.0310233,0.0137074
-0.0315627,0.0141268
-0.0319674,0.0160421
-0.0316019,0.017063
-0.0315896,0.0182823
-0.0314309,0.0197276
-0.0302023,0.0211434
-0.0289341,0.0221939
-0.0290447,0.0216139
-0.0309324,0.0227111
-0.0309227,0.0242226
-0.0326685,0.0230512
-0.0330865,0.0242145
-0.0337335,0.0263582
-0.033363,0.0281246
-0.0343868,0.0291918
-0.033875,0.0284599
-0.0365359,0.0287765
-0.0413706,0.0264471
-0.0442773,0.0237935
-0.0494474,0.0247679
-0.0564133,0.0238377
-0.063396,0.027419
-0.0684851,0.0243359
-0.0739459,0.0249388
-0.0835812,0.0214595
-0.0922001,0.0206562
-0.105386,0.0217541
-0.112475,0.0159843
-0.11916,0.0148456
-0.127853,0.0114469
-0.137878,0.00918621
-0.144777,0.00886087
-0.151161,0.00580825
-0.15742,0.00575398
-0.164156,0.00393271
-0.168297,0.00119577
-0.169925,0.0016926
-0.173137,-0.0016243
-0.171027,-0.00087703
-0.164999,-0.00222518
-0.156477,0.00229088
-0.151622,0.00270772
-0.145457,0.00790824
-0.134419,0.0148761
-0.125049,0.0228157
-0.117464,0.0286967
-0.111319,0.031885
-0.107453,0.0334301
-0.104958,0.040161
-0.102163,0.0431924
-0.0991854,0.0476322
-0.0949091,0.0535727
-0.0881481,0.0543856
-0.0841448,0.0543024
-0.078462,0.0558613
-0.0779006,0.0541671
-0.0736249,0.0540219
-0.0759835,0.0491195
-0.075099,0.0500244
-0.0753494,0.0466097
-0.0744805,0.0431203
-0.0750068,0.0411662
-0.0771326,0.0356807
-0.0793124,0.0361127
-0.0881876,0.028457
-0.0939327,0.0253008
-0.100699,0.0249953
-0.102764,0.0193057
-0.106941,0.0234812
-0.113994,0.021458
-0.116021,0.020437
-0.114647,0.0250064
-0.117427,0.0221522
-0.119627,0.0207968
-0.120223,0.0205455
-0.118428,0.0198406
-0.122773,0.0219999
-0.125499,0.0192384
-0.12449,0.0217108
-0.125745,0.0201691
-0.121637,0.018358
-0.121496,0.0241004
-0.119685,0.0215536
-0.126722,0.0239004
-0.120268,0.025497
-0.119144,0.0260509
-0.117368,0.028486
-0.114307,0.0268946
-0.114575,0.0347839
-0.111014,0.0353901
-0.106384,0.0370104
-0.0991362,0.0448494
-0.0979469,0.0387452
-0.0977012,0.0445064
-0.0903193,0.0410292
-0.0888263,0.0390618
-0.0905525,0.0393734
-0.0932168,0.0325835
-0.0949432,0.0388748
-0.0951287,0.0305821
-0.101163,0.0338456
-0.107855,0.0353656
-0.113678,0.0305213
-0.119071,0.0336306
-0.126977,0.0300861
-0.131014,0.0254819
-0.141464,0.0271393
-0.147964,0.0249974
-0.151179,0.0344995
-0.152722,0.0414055
-0.15033,0.0538893
-0.147173,0.0610693
-0.144915,0.0586918
-0.137508,0.0655113
-0.129267,0.0674309
-0.125221,0.069788
-0.119255,0.0750777
-0.115899,0.0782785
-0.108555,0.0898526
-0.106438,0.0869522
-0.108473,0.0949429
-0.112665,0.105247
-0.11597,0.101286
-0.119039,0.116485
-0.119396,0.113983
-0.119349,0.115592
-0.12803,0.118641
-0.130467,0.106558
-0.132077,0.109255
-0.138876,0.100513
-0.137784,0.0833482
-0.136899,0.0822901
-0.137685,0.0610096
-0.133371,0.0586326
-0.133144,0.0494892
-0.124117,0.0459557
-0.120423,0.0414607
-0.114009,0.0339528
-0.100493,0.0485807
-0.0987236,0.0505711
-0.0996265,0.0584705
-0.0938246,0.0689956
-0.0994751,0.0676843
-0.102298,0.0695316
-0.10266,0.0724083
-0.104999,0.071283
-0.100293,0.0672813
-0.0977961,0.0559234
-0.100519,0.0543039
-0.104116,0.0485693
-0.105696,0.0357008
-0.0983863,0.0391922
-0.0947049,0.0276128
-0.0872479,0.0201333
-0.0849613,0.00999685
-0.0758632,0.00446774
-0.0722085,-0.00168884
-0.0712453,-0.0155877
-0.070523,-0.0220402
-0.0664211,-0.0267051
-0.0573735,-0.0407924
-0.0566138,-0.0441523
-0.0519659,-0.0614393
-0.0526049,-0.0745333
-0.0444633,-0.0837716
-0.04134,-0.0907058
-0.0391718,-0.0910126
-0.0304593,-0.0955812
-0.0284692,-0.0903213
-0.0294381,-0.0894964
-0.0264098,-0.0833872
-0.0256246,-0.0710749
-0.0209498,-0.0571787
-0.017241,-0.0398238
-0.0168701,-0.0295257
-0.0225807,-0.0112543
-0.0192349,0.0066411
-0.0265211,0.0152764
-0.0253066,0.0269258
-0.0289956,0.0423849
-0.0324059,0.053177
-0.0354892,0.0675534
-0.034445,0.0654961
-0.0352933,0.0769495
-0.0375479,0.0799164
-0.0472636,0.0772573
-0.0518466,0.081683
-0.0613261,0.0822838
-0.0692171,0.0820163
-0.0744598,0.0737992
-0.0725347,0.0632234
-0.0757812,0.0555495
-0.0815366,0.0318943
-0.0837364,0.0104122
-0.0850629,-0.00379799
-0.0790557,-0.0242902
-0.0722722,-0.0395875
-0.0743283,-0.0601836
-0.0751872,-0.0724731
-0.0817091,-0.0857847
-0.0824561,-0.1029
-0.0874621,-0.106073
-0.0877763,-0.118244
-0.08993,-0.118207
-0.0978239,-0.117404
-0.0984863,-0.110499
-0.101179,-0.0953749
-0.110156,-0.0841985
-0.111491,-0.0655448
-0.105794,-0.0518491
-0.105528,-0.0400648
-0.109055,-0.0262731
-0.112373,-0.024309
-0.112477,-0.0126727
-0.11536,-0.00577531
-0.119122,0.0018786
-0.119458,0.00977338
-0.120594,0.00787802
-0.122935,0.0168786
-0.12673,0.0189106
-0.131255,0.0252742
-0.138432,0.031288
-0.140336,0.031252
-0.138855,0.0396102
-0.131305,0.0491114
-0.130775,0.0549938
-0.131502,0.060796
-0.133161,0.0611467
-0.127702,0.0708971
-0.124045,0.0700549
-0.125098,0.0642836
-0.122071,0.0705837
-0.116699,0.0625375
-0.113171,0.0611628
-0.108574,0.0579286
-0.103275,0.0547372
-0.100438,0.0610749
-0.0997373,0.0522668
-0.0988192,0.0555126
-0.0916915,0.0539562
-0.0918033,0.0501551
-0.0851846,0.0476791
-0.079695,0.0441167
-0.0723447,0.0398212
-0.0628996,0.0358469
-0.0618329,0.0326107
-0.0555238,0.0353382
-0.0540155,0.0212608
-0.048664,0.0184213
-0.0437954,0.00912236
-0.0464136,0.000697016
-0.0417215,-0.00298953
-0.0485361,-0.0106405
-0.0455411,-0.0180075
-0.0396495,-0.0256669
-0.0385592,-0.0365658
-0.0375801,-0.0414241
-0.0373996,-0.0502452
-0.0426958,-0.0560893
-0.0421819,-0.0628588
-0.0410779,-0.0702747
-0.0410383,-0.0732757
-0.0393382,-0.0792811
-0.0387626,-0.0744129
-0.0423563,-0.0760342
-0.0432717,-0.0793987
-0.0455088,-0.0769323
-0.0490876,-0.0822182
-0.0586901,-0.0723827
-0.0645599,-0.0708006
-0.0663158,-0.0682263
-0.0636352,-0.0607659
-0.0657708,-0.0589438
-0.0676859,-0.0557279
-0.067867,-0.0553949
-0.065453,-0.0541766
-0.0693962,-0.0424435
-0.0698602,-0.0394884
-0.0724567,-0.0390086
-0.0718405,-0.0340686
-0.0711006,-0.034345
-0.0689463,-0.0280294
-0.0698759,-0.0328124
-0.0749934,-0.03535
-0.074815,-0.0334565
-0.0793129,-0.0397376
-0.0811877,-0.0385346
-0.0868747,-0.0388902
-0.084331,-0.0366098
-0.0885482,-0.0387337
-0.0910243,-0.0411945
-0.0914766,-0.03716
-0.0959832,-0.0349519
-0.0980676,-0.0314105
-0.10178,-0.027183
-0.10709,-0.0260268
-0.110583,-0.0186382
-0.114113,-0.012171
-0.120064,-0.00267664
-0.125271,0.00591105
-0.126181,0.0150018
-0.126197,0.0253458
-0.123212,0.0335066
-0.128197,0.0505635
-0.1273,0.0640324
-0.120266,0.0790569
-0.117767,0.100278
-0.116482,0.113319
-0.114649,0.133724
-0.115413,0.158781
-0.119409,0.181969
-0.118689,0.20023
-0.119583,0.212982
-0.12466,0.230082
-0.126425,0.227835
-0.122452,0.221345
-0.118342,0.222617
-0.119223,0.199563
-0.118196,0.180545
-0.103302,0.161342
-0.0935123,0.147995
-0.075238,0.137895
-0.048017,0.11796
-0.0347642,0.152674
-0.0223005,0.190549
-0.0111439,0.231676
-0.00548,0.303819
-0.00555411,0.384961
-0.00890273,0.449805
-0.0131597,0.494444
-0.0167519,0.540104
-0.0219046,0.575581
-0.0265273,0.574601
-0.0305383,0.578419
-0.0369372,0.591803
-0.0434932,0.58594
-0.0514022,0.579606
-0.0597341,0.584148
-0.0684286,0.587621
-0.0750019,0.584732
-0.0816416,0.58625
-0.0877754,0.593622
-0.0953311,0.596993
-0.101591,0.599004
-0.107586,0.611984
-0.113143,0.628758
-0.117881,0.642708
-0.12189,0.661214
-0.124041,0.688695
-0.126297,0.715132
-0.129122,0.731178
-0.129381,0.745597
-0.128264,0.758146
-0.129393,0.758474
-0.129644,0.745341
-0.130365,0.7497
-0.129122,0.754562
-0.130221,0.753868
-0.128928,0.771188
-0.128053,0.802701
-0.127607,0.821757
-0.126559,0.8355
-0.125575,0.847798
-0.124804,0.851381
-0.125226,0.848836
-0.12474,0.850858
-0.123584,0.85699
-0.1226,0.866186
-0.122262,0.885692
-0.122919,0.899989
-0.124461,0.901914
-0.125499,0.896788
-0.126127,0.878037
-0.126116,0.859434
-0.124702,0.842866
-0.123012,0.827169
-0.121682,0.825965
-0.118899,0.826731
-0.118057,0.811953
-0.118301,0.784745
-0.11868,0.751799
-0.117434,0.715104
-0.117062,0.67877
-0.114809,0.649634
-0.112636,0.627887
-0.110283,0.609627
-0.109447,0.589927
-0.108439,0.565543
-0.105961,0.536608
-0.104378,0.506059
-0.100726,0.46908
-0.0955204,0.432943
-0.0901058,0.409648
-0.0842965,0.382711
-0.0795655,0.34734
-0.0747871,0.317964
-0.0700814,0.293467
-0.0659298,0.262274
-0.062778,0.235263
-0.0588237,0.212912
-0.0540203,0.180901
-0.0495316,0.145314
-0.0452068,0.107559
-0.0409327,0.064798
-0.0369358,0.0263896
-0.0334651,-0.012321
-0.0302292,-0.0515585
-0.0259142,-0.0798165
-0.0227928,-0.108104
-0.0209126,-0.144485
-0.0185523,-0.184657
-0.0163864,-0.234283
-0.0145288,-0.289862
-0.0123623,-0.339369
-0.0104409,-0.387398
-0.00841951,-0.429906
-0.00631349,-0.44658
-0.00654623,-0.465937
-0.00761452,-0.495244
-0.00843222,-0.506741
-0.0107683,-0.519362
-0.0115233,-0.550929
-0.0104212,-0.575043
-0.0074569,-0.59163
-0.00469329,-0.61566
-0.00694325,-0.640944
-0.008598,-0.666585
-0.0100772,-0.691715
-0.010811,-0.713093
-0.0118229,-0.738135
-0.0107774,-0.768559
-0.0112851,-0.792374
-0.012198,-0.827963
-0.0126519,-0.875547
-0.0137075,-0.909092
-0.0148592,-0.933498
-0.0162048,-0.963426
-0.0173614,-0.975399
-0.0168637,-0.973249
-0.0192318,-0.986627
-0.0205838,-1.00371
-0.0227235,-1.023
-0.024327,-1.05511
-0.0264958,-1.07409
-0.0259975,-1.09524
-0.0284583,-1.10967
-0.0319767,-1.10716
-0.0367795,-1.12364
-0.0397084,-1.15803
-0.0449633,-1.17435
-0.0542892,-1.1742
-0.0514916,-1.19527
-0.0542755,-1.18306
-0.0588914,-1.16872
-0.0615959,-1.18587
-0.0678213,-1.20015
-0.0749105,-1.1997
-0.0851842,-1.19742
-0.0903309,-1.19476
-0.0962034,-1.17971
-0.100933,-1.18298
-0.110529,-1.18319
-0.11432,-1.18338
-0.121763,-1.1806
-0.125525,-1.17969
-0.128559,-1.16717
-0.131231,-1.16942
-0.133788,-1.1765
-0.136582,-1.17662
-0.138149,-1.17644
-0.139741,-1.16968
-0.141363,-1.15104
-0.141968,-1.13865
-0.141472,-1.12915
-0.14166,-1.11006
-0.14105,-1.0954
-0.140617,-1.07948
-0.139106,-1.05012
-0.136012,-1.03156
-0.130293,-1.0251
-0.127341,-1.01055
-0.124648,-0.991601
-0.122317,-0.984638
-0.119895,-0.956635
-0.115932,-0.921084
-0.114812,-0.902673
-0.114781,-0.884313
-0.116762,-0.860676
-0.118193,-0.845147
-0.118353,-0.824858
-0.117311,-0.782019
-0.116762,-0.740103
-0.115899,-0.70968
-0.116092,-0.681071
-0.116796,-0.670454
-0.117512,-0.659189
-0.117864,-0.633307
-0.116181,-0.613402
-0.113243,-0.579184
-0.11083,-0.533841
-0.109663,-0.497805
-0.108123,-0.461531
-0.106855,-0.418732
-0.104586,-0.388908
-0.101578,-0.358212
-0.0991126,-0.320779
-0.0960969,-0.29916
-0.0942065,-0.269617
-0.0913215,-0.229629
-0.0895742,-0.20331
-0.085473,-0.167089
-0.0807185,-0.120879
-0.0780997,-0.089268
-0.0743104,-0.0483042
-0.0694836,-0.00479822
-0.0664095,0.015295
-0.0624286,0.0457715
-0.0576262,0.0868802
-0.0532113,0.118473
-0.0504351,0.164987
-0.0450795,0.216989
-0.0394986,0.270267
-0.0333298,0.330458
-0.028474,0.389166
-0.0242892,0.424804
-0.0188992,0.462276
-0.0134338,0.500569
-0.00787446,0.510056
-4.98097e-06,0.532039
0.00848929,0.568966
0.0158495,0.586523
0.0224305,0.609941
0.0283155,0.650415
0.0330546,0.677819
0.0359846,0.700334
0.0389171,0.736674
0.0423436,0.759969
0.0444355,0.778397
0.0456679,0.808176
0.0451249,0.835139
0.0450261,0.865534
0.042037,0.901928
0.0401738,0.939509
0.0382543,0.984778
0.0366191,1.01976
0.0345128,1.03693
0.0317261,1.04982
0.0297605,1.06578
0.0294996,1.07687
0.0293596,1.0934
0.0290875,1.12384
0.030771,1.14462
0.0295721,1.15397
0.027652,1.15832
0.0263366,1.15848
0.0283101,1.15939
0.028493,1.17614
0.0266715,1.20409
0.0306421,1.22023
0.0269017,1.22827
0.0228791,1.22991
0.0236119,1.22577
0.0208799,1.23465
0.0197051,1.25071
0.0229573,1.2618
0.0246992,1.2613
0.0273201,1.24496
0.0252351,1.24026
0.0258611,1.23436
0.0298443,1.23025
0.0306919,1.22779
0.0329939,1.21444
0.0350717,1.20172
0.03565,1.19538
0.0348265,1.18852
0.0357703,1.18686
0.0372864,1.17585
0.0387691,1.15567
0.0392546,1.14219
0.0382194,1.13482
0.0382434,1.1239
0.0377019,1.12088
0.039473,1.11317
0.0412276,1.08892
0.0426311,1.06502
0.0414133,1.04976
0.0406324,1.02549
0.0424515,1.00574
0.0444439,0.991776
0.0467038,0.965457
0.0458296,0.933255
0.0459186,0.90753
0.0452966,0.878473
0.0465259,0.850693
0.0476547,0.836647
0.0489725,0.822936
0.0503751,0.804968
0.0500196,0.777436
0.0472716,0.735568
0.0436914,0.690734
0.0426342,0.652981
0.0408784,0.622039
0.0408976,0.611865
0.0396784,0.601346
0.0382387,0.573776
0.0355833,0.547298
0.0331592,0.514233
0.0312279,0.466271
0.0316009,0.425312
0.0321617,0.396318
0.0320206,0.360758
0.031995,0.327385
0.0300376,0.296538
0.0281343,0.266081
0.0252925,0.240036
0.0219617,0.213357
0.0198909,0.183882
0.0177216,0.161113
0.013914,0.130576
0.00892819,0.091289
0.0050218,0.0604596
0.00127193,0.0270656
-0.00272618,-0.0124017
-0.00548165,-0.0407419
-0.00959228,-0.0659856
-0.0135788,-0.0992794
-0.0183631,-0.135069
-0.0228868,-0.177708
-0.0283361,-0.226993
-0.0351439,-0.27603
-0.0416589,-0.330307
-0.0489284,-0.380059
-0.0559401,-0.404203
-0.0646501,-0.427164
-0.0742098,-0.449763
-0.0839877,-0.451272
-0.0963344,-0.461236
-0.109006,-0.490566
-0.120631,-0.513291
-0.131669,-0.532962
-0.140217,-0.559345
-0.147736,-0.582552
-0.155378,-0.60642
-0.161578,-0.635191
-0.168615,-0.662289
-0.176984,-0.687156
-0.182089,-0.711109
-0.185582,-0.731639
-0.186978,-0.760142
-0.186504,-0.794934
-0.18364,-0.826019
-0.180437,-0.865894
-0.174746,-0.897815
-0.165912,-0.911766
-0.158075,-0.929286
-0.150005,-0.941316
-0.142951,-0.938906
-0.138597,-0.951414
-0.136257,-0.981835
-0.135187,-1.00541
-0.135301,-1.02671
-0.134492,-1.04671
-0.133802,-1.05802
-0.134809,-1.0562
-0.134856,-1.06423
-0.135838,-1.08053
-0.136463,-1.09842
-0.136262,-1.11948
-0.133701,-1.128
-0.134369,-1.13023
-0.130169,-1.12837
-0.126196,-1.12152
-0.124906,-1.13329
-0.124849,-1.15454
-0.124487,-1.16597
-0.124749,-1.17335
-0.123524,-1.18003
-0.120319,-1.1637
-0.120618,-1.15747
-0.119461,-1.17241
-0.118787,-1.17731
-0.119243,-1.17474
-0.118734,-1.17604
-0.116685,-1.16074
-0.114914,-1.14776
-0.113476,-1.15265
-0.113216,-1.1582
-0.112419,-1.15326
-0.11092,-1.14994
-0.108558,-1.13854
-0.106389,-1.12215
-0.102407,-1.11827
-0.100186,-1.11601
-0.0983467,-1.1056
-0.0971157,-1.09632
-0.094559,-1.08037
-0.0921156,-1.05771
-0.0893771,-1.04612
-0.0886619,-1.03987
-0.0874288,-1.02607
-0.0862837,-1.01478
-0.0833146,-1.00364
-0.0793676,-0.970754
-0.0766411,-0.94237
-0.0746423,-0.926838
-0.0744232,-0.909735
-0.0739389,-0.890251
-0.0740923,-0.88225
-0.0729912,-0.858796
-0.0693319,-0.814641
-0.0672783,-0.785526
-0.0673368,-0.762244
-0.0675806,-0.742777
-0.0686631,-0.740902
-0.0678823,-0.723857
-0.0664817,-0.692639
-0.0635386,-0.664575
-0.0600127,-0.622922
-0.0579997,-0.575024
-0.0583097,-0.548547
-0.0586153,-0.521853
-0.0571375,-0.488214
-0.0539245,-0.476045
-0.0493857,-0.453605
-0.0464819,-0.416173
-0.0449073,-0.395909
-0.0420389,-0.365912
-0.0394408,-0.326827
-0.0365342,-0.295766
-0.0324558,-0.258823
-0.0272797,-0.212778
-0.022671,-0.177549
-0.0175627,-0.140443
-0.013091,-0.0993534
-0.00928224,-0.0760526
-0.0042225,-0.0444671
0.00068246,-0.00954839
0.00596971,-0.00115217
0.0124527,0.016548
0.0193991,0.0417671
0.0261429,0.0621262
0.0333668,0.098851
0.0405892,0.142248
0.0470447,0.191685
0.0539226,0.247172
0.0604043,0.300529
0.0647884,0.34713
0.0692663,0.400996
0.0732572,0.448042
0.0747359,0.460964
0.0767575,0.483755
0.0772421,0.509947
0.0771284,0.504278
0.077036,0.507696
0.0762937,0.533597
0.0752801,0.54853
0.0721613,0.563524
0.068591,0.596569
0.0642224,0.630657
0.0583111,0.663355
0.053513,0.707297
0.0488578,0.752475
0.0438054,0.791844
0.0383568,0.822533
0.033238,0.83808
0.0304005,0.854492
0.0278951,0.868885
0.0249574,0.878241
0.023606,0.900073
0.0222327,0.928843
0.0232226,0.951945
0.0180881,0.988497
0.0156921,1.01005
0.0121313,1.01897
0.00897218,1.02663
0.0116903,1.03974
0.00962488,1.05343
0.0111383,1.06596
0.00613178,1.10581
0.00412275,1.1318
0.00365415,1.13205
0.00102027,1.13639
0.000460968,1.13885
0.00045588,1.14283
0.00174408,1.15804
0.00288687,1.18311
0.00513514,1.18901
0.00543791,1.18148
0.00353519,1.17412
0.00247661,1.17407
0.00149061,1.1746
0.0041273,1.1835
0.00487564,1.20043
0.00588214,1.20153
0.00465865,1.19302
0.00233623,1.19461
0.000428516,1.19584
0.000717471,1.1988
0.00207595,1.20701
0.00242862,1.20402
0.00200264,1.19135
0.000326497,1.1809
-0.00115899,1.1713
-0.00221678,1.16704
-0.00146355,1.1614
-0.000110875,1.146
0.000308218,1.13441
-0.000912905,1.12687
-0.00259228,1.11282
-0.00371248,1.10809
-0.00277203,1.10627
-0.00168446,1.08873
0.000413991,1.06502
0.000763462,1.04998
-0.000499069,1.03023
0.000874944,1.00777
0.00219223,0.997196
0.00538547,0.982133
0.0067178,0.956327
0.00663557,0.925964
0.00667805,0.898386
0.00801223,0.870739
0.010832,0.846604
0.0137952,0.833802
0.017895,0.821118
0.019156,0.796913
0.0195388,0.758278
0.0194811,0.710683
0.0203722,0.670214
0.0235791,0.631866
0.0276156,0.613369
0.0306272,0.603079
0.0319438,0.578849
0.0314087,0.555827
0.0308135,0.525982
0.0289058,0.480972
0.0284442,0.434389
0.0275395,0.398614
0.0274128,0.362471
0.0273414,0.327716
0.025715,0.295576
0.0231571,0.261459
0.0210812,0.234741
0.0190892,0.207279
0.018377,0.175888
0.0179906,0.153975
0.0170611,0.127361
0.0143174,0.0866528
0.0117563,0.0521414
0.00958955,0.0215816
0.00786825,-0.0111845
0.00660204,-0.038069
0.0063382,-0.0647242
0.00455358,-0.0996598
0.00222638,-0.142011
0.000671387,-0.192076
-0.000463665,-0.246802
-0.00238176,-0.302921
-0.00426329,-0.36423
-0.00578653,-0.426087
-0.00719154,-0.4609
-0.00967522,-0.489026
-0.0153176,-0.525757
-0.018662,-0.533786
-0.0231174,-0.54052
-0.0288325,-0.56697
-0.0334911,-0.577903
-0.0373372,-0.582582
-0.0400505,-0.604322
-0.0432456,-0.626221
-0.0485042,-0.641455
-0.0541991,-0.664175
-0.0620879,-0.689011
-0.0705748,-0.720332
-0.0788918,-0.754491
-0.0873922,-0.788225
-0.0958082,-0.832123
-0.105199,-0.879219
-0.113064,-0.907516
-0.120812,-0.933757
-0.128861,-0.967084
-0.135853,-0.972278
-0.145164,-0.967949
-0.155301,-0.987023
-0.162968,-1.00334
-0.169241,-1.02161
-0.174514,-1.05193
-0.177027,-1.07032
-0.178475,-1.08356
-0.177486,-1.09317
-0.174749,-1.09572
-0.172609,-1.1162
-0.169508,-1.1447
-0.165725,-1.16204
-0.15937,-1.17529
-0.153484,-1.19089
-0.147558,-1.18233
-0.143888,-1.17812
-0.14058,-1.20265
-0.141311,-1.21671
-0.141762,-1.2212
-0.14279,-1.22953
-0.142563,-1.2252
-0.142004,-1.21463
-0.142444,-1.21432
-0.141293,-1.22368
-0.140116,-1.22022
-0.138404,-1.22083
-0.133772,-1.21677
-0.130289,-1.20982
-0.127008,-1.2107
-0.123944,-1.21373
-0.123812,-1.20728
-0.12463,-1.19998
-0.1241,-1.18428
-0.123486,-1.16778
-0.121741,-1.16077
-0.12032,-1.15149
-0.120952,-1.13392
-0.120556,-1.12068
-0.119598,-1.10199
-0.116428,-1.08219
-0.112786,-1.07158
-0.110964,-1.06484
-0.109652,-1.04633
-0.107084,-1.03298
-0.104812,-1.01662
-0.101089,-0.985177
-0.0963234,-0.963188
-0.09392,-0.949398
-0.0914249,-0.928378
-0.0892538,-0.902067
-0.0862659,-0.888495
-0.0819752,-0.85725
-0.0778914,-0.816251
-0.0738092,-0.794208
-0.0707656,-0.775042
-0.068246,-0.757905
-0.0647837,-0.750705
-0.0606394,-0.732385
-0.0550281,-0.696905
-0.0480664,-0.657699
-0.0414781,-0.613411
-0.0368272,-0.57371
-0.0326153,-0.550768
-0.0264983,-0.523122
-0.0202662,-0.494476
-0.0138357,-0.474155
-0.00671854,-0.442267
0.000450968,-0.403006
0.00560002,-0.375897
0.0109843,-0.34345
0.0176588,-0.301514
0.0248051,-0.269991
0.0340179,-0.23236
0.0430272,-0.18938
0.0506582,-0.161309
0.0578071,-0.129927
0.063948,-0.0936617
0.0687585,-0.0743087
0.0740192,-0.04953
0.0787769,-0.0181923
0.0809335,-0.00708378
0.083956,0.0144265
0.0860528,0.0435452
0.0859392,0.0710382
0.0852804,0.11147
0.0836172,0.157204
0.0808314,0.211504
0.0774955,0.270888
0.0733062,0.328375
0.0709135,0.374115
0.0695336,0.425611
0.0686458,0.46196
0.0685639,0.467772
0.0690021,0.488544
0.0713113,0.509349
0.0727583,0.503363
0.0761077,0.507832
0.0790654,0.527463
0.078729,0.536909
0.0769993,0.552415
0.0738774,0.586332
0.0683395,0.620017
0.0619069,0.653871
0.0554669,0.696436
0.0487101,0.741132
0.0430594,0.780192
0.0368824,0.812354
0.0326635,0.83161
0.0297439,0.848868
0.0279966,0.861578
0.025084,0.866506
0.0241294,0.883538
0.0235075,0.904744
0.0212634,0.924577
0.017777,0.956318
0.016155,0.981812
0.0138362,0.991289
0.0109071,0.997243
0.00796215,1.01216
0.00608497,1.02346
0.0056315,1.03256
0.00470096,1.06022
0.00336385,1.08582
0.000147674,1.09686
-0.00259422,1.09996
-0.00534301,1.09837
-0.00606877,1.10625
-0.0082686,1.11574
-0.00851586,1.13291
-0.00876375,1.15994
-0.0115405,1.17069
-0.0162118,1.16394
-0.0207048,1.16096
-0.0237045,1.16661
-0.0263007,1.16241
-0.0270006,1.17272
-0.0293223,1.18672
-0.0324962,1.17976
-0.0359872,1.16485
-0.0407712,1.16244
-0.0453807,1.15778
-0.0495546,1.15879
-0.051771,1.16491
-0.0539674,1.16284
-0.0578869,1.14894
-0.0629491,1.13864
-0.0686612,1.12882
-0.0719063,1.12459
-0.0739616,1.12479
-0.0768216,1.11744
-0.0801934,1.10314
-0.0840956,1.09143
-0.0890547,1.07692
-0.0931152,1.06347
-0.0953073,1.05994
-0.0962024,1.05238
-0.0989372,1.02885
-0.102238,1.00508
-0.106604,0.984442
-0.10936,0.95874
-0.109464,0.940127
-0.108226,0.935806
-0.108187,0.920462
-0.109411,0.890724
-0.111237,0.860663
-0.113569,0.833897
-0.114992,0.801459
-0.113958,0.787217
-0.112953,0.784332
-0.111523,0.768069
-0.112605,0.742666
-0.115106,0.705942
-0.117515,0.657611
-0.116733,0.617
-0.114385,0.583721
-0.111151,0.556407
-0.107669,0.547235
-0.105982,0.531385
-0.105814,0.501095
-0.106543,0.47801
-0.105832,0.452466
-0.104759,0.411605
-0.10308,0.373564
-0.102218,0.339691
-0.101731,0.299891
-0.100858,0.263957
-0.099919,0.230997
-0.100471,0.198349
-0.0997451,0.172183
-0.0992322,0.145826
-0.0996977,0.117422
-0.0999445,0.0955871
-0.0982871,0.0722907
-0.09747,0.0457206
-0.0961373,0.0299361
-0.0951762,0.00972458
-0.0941505,-0.0152715
-0.0933671,-0.039239
-0.0923817,-0.0713778
-0.0912179,-0.110886
-0.0900165,-0.152625
-0.0902787,-0.203661
-0.0920512,-0.260007
-0.0926676,-0.317363
-0.0941179,-0.376594
-0.0954499,-0.431216
-0.0958943,-0.456714
-0.0967405,-0.483547
-0.0980536,-0.509605
-0.0995713,-0.506828
-0.101442,-0.510505
-0.103689,-0.531953
-0.104369,-0.540512
-0.104241,-0.548298
-0.102827,-0.571967
-0.100422,-0.593127
-0.0987945,-0.613973
-0.0984865,-0.646369
-0.0984292,-0.68456
-0.100081,-0.725248
-0.101308,-0.77024
-0.102417,-0.811862
-0.104651,-0.851969
-0.105212,-0.880071
-0.104546,-0.895897
-0.104921,-0.913865
-0.105047,-0.922259
-0.105134,-0.916498
-0.105815,-0.927924
-0.107782,-0.9519
-0.109171,-0.968908
-0.109937,-0.987172
-0.11049,-1.00374
-0.110965,-1.01377
-0.110234,-1.01082
-0.111389,-1.01803
-0.11291,-1.03728
-0.116922,-1.05548
-0.120575,-1.08056
-0.1253,-1.09311
-0.12722,-1.10981
-0.128369,-1.11075
-0.12939,-1.10195
-0.132268,-1.11606
-0.136996,-1.13931
-0.139738,-1.1566
-0.141642,-1.16515
-0.142341,-1.17759
-0.140337,-1.1664
-0.138221,-1.15578
-0.135948,-1.17081
-0.135734,-1.17903
-0.134453,-1.17653
-0.132623,-1.17926
-0.128757,-1.17072
-0.123925,-1.15731
-0.121735,-1.1531
-0.120189,-1.16264
-0.12106,-1.16076
-0.122195,-1.15634
-0.122931,-1.15
-0.121587,-1.13443
-0.121182,-1.1242
-0.121551,-1.12269
-0.122537,-1.11488
-0.122459,-1.10293
-0.121881,-1.09076
-0.119694,-1.06865
-0.116645,-1.0522
-0.115099,-1.04493
-0.112952,-1.03604
-0.111702,-1.0211
-0.109379,-1.01294
-0.10572,-0.98877
-0.101909,-0.95705
-0.09817,-0.941068
-0.0955552,-0.927914
-0.0946829,-0.911598
-0.0936387,-0.899365
-0.0915187,-0.881874
-0.0871874,-0.844132
-0.0831891,-0.811591
-0.0810018,-0.784945
-0.0789186,-0.762762
-0.0780006,-0.758387
-0.075853,-0.745004
-0.0722679,-0.719217
-0.0687852,-0.696992
-0.0623936,-0.657817
-0.0590833,-0.61063
-0.0571303,-0.584313
-0.0540858,-0.559137
-0.0501185,-0.526072
-0.0457695,-0.512563
-0.0404497,-0.489349
-0.0358158,-0.449996
-0.031001,-0.426501
-0.0256147,-0.395834
-0.0195197,-0.354375
-0.014637,-0.323661
-0.00815076,-0.287561
-0.00282237,-0.242372
0.002579,-0.208799
0.00780911,-0.17521
0.0133744,-0.137438
0.0194121,-0.114252
0.0271407,-0.085127
0.0341789,-0.0497464
0.0397027,-0.0334242
0.045684,-0.0137291
0.050737,0.0130834
0.0562762,0.0288178
0.0618616,0.0571367
0.0671774,0.0939621
0.0716933,0.135997
0.0758851,0.187255
0.0801319,0.237585
0.0812876,0.290683
0.0819992,0.353348
0.0803347,0.409405
0.0770817,0.437726
0.0722844,0.470743
0.0686311,0.500997
0.0646104,0.499069
0.0626396,0.505304
0.0632563,0.526055
0.0651628,0.527614
0.06713,0.530893
0.0692391,0.553951
0.0697271,0.572737
0.0685026,0.594431
0.0674762,0.632524
0.0642829,0.672467
0.0588946,0.715789
0.0533031,0.763976
0.0457184,0.796792
0.0389855,0.828431
0.0317055,0.854939
0.0262973,0.858292
0.0222725,0.864439
0.0215886,0.88427
0.0207669,0.892429
0.0197352,0.904127
0.0193276,0.936716
0.0193027,0.963022
0.0165725,0.983015
0.016357,0.997042
0.0157625,0.99769
0.0129735,1.00401
0.0106528,1.01995
0.0105575,1.02603
0.00928956,1.05311
0.00855776,1.08168
0.00789639,1.08314
0.00610576,1.07948
0.00461928,1.08796
0.00352035,1.09209
0.00132715,1.09438
0.00317806,1.12203
0.00365183,1.14224
0.00156696,1.14205
-0.000719195,1.13392
-0.005594,1.12983
-0.00699997,1.12748
-0.00696223,1.12905
-0.00676809,1.14785
-0.00514312,1.15989
-0.00719274,1.15348
-0.0115295,1.14154
-0.0151643,1.13757
-0.0175541,1.13332
-0.0199957,1.13626
-0.020333,1.14525
-0.0208402,1.14075
-0.0236466,1.123
-0.0290209,1.10835
-0.0330531,1.0971
-0.0360819,1.09146
-0.038049,1.08868
-0.0396371,1.0803
-0.0426695,1.06576
-0.0481421,1.04875
-0.0521629,1.03062
-0.0549374,1.01723
-0.0568842,1.01507
-0.0588319,1.0065
-0.0605892,0.990826
-0.0633977,0.965899
-0.068512,0.937548
-0.0709496,0.907982
-0.0731805,0.885411
-0.0728567,0.879044
-0.0725628,0.872479
-0.0725905,0.854158
-0.0736769,0.821345
-0.0763857,0.783448
-0.0775676,0.749469
-0.0777514,0.718934
-0.0762135,0.709724
-0.0738472,0.707945
-0.0735197,0.688161
-0.0746157,0.665144
-0.0759846,0.632807
-0.0756665,0.587797
-0.0745548,0.548867
-0.0729303,0.521388
-0.0715777,0.489455
-0.0696007,0.463258
-0.0681982,0.445162
-0.0689913,0.418448
-0.0691899,0.395155
-0.069373,0.374056
-0.0680979,0.34591
-0.0665075,0.318529
-0.0656751,0.283931
-0.0667258,0.239721
-0.0673389,0.195312
-0.0682643,0.151576
-0.0690916,0.108258
-0.0684713,0.080604
-0.0681095,0.0509174
-0.0672414,0.0153013
-0.0665398,-0.00209302
-0.0658084,-0.0187597
-0.0664885,-0.0438072
-0.0649877,-0.0649033
-0.0632916,-0.0958052
-0.0633976,-0.1378
-0.0643653,-0.185364
-0.0646162,-0.238676
-0.064896,-0.293295
-0.0659406,-0.342441
-0.0671694,-0.393171
-0.0691179,-0.431443
-0.0706349,-0.441037
-0.072935,-0.462677
-0.0761516,-0.482952
-0.0789439,-0.477736
-0.0818355,-0.484054
-0.0854666,-0.505648
-0.0886355,-0.519279
-0.090573,-0.536413
-0.0920569,-0.572826
-0.0951928,-0.611864
-0.0986154,-0.646356
-0.101269,-0.69225
-0.104517,-0.732672
-0.108357,-0.761288
-0.112183,-0.791916
-0.115843,-0.808873
-0.118836,-0.820676
-0.122017,-0.832212
-0.124965,-0.840348
-0.12814,-0.861626
-0.13144,-0.890117
-0.13473,-0.918855
-0.138584,-0.946939
-0.140542,-0.968742
-0.142559,-0.983878
-0.14362,-0.992109
-0.144744,-0.998346
-0.145302,-1.00572
-0.145726,-1.02538
-0.147391,-1.05469
-0.146069,-1.0711
-0.144202,-1.08135
-0.142845,-1.09284
-0.141619,-1.08184
-0.140379,-1.08146
-0.139827,-1.10478
-0.140347,-1.12422
-0.14037,-1.13505
-0.139747,-1.14813
-0.136984,-1.15353
-0.13574,-1.1387
-0.138,-1.13975
-0.138814,-1.15308
-0.139954,-1.16163
-0.139669,-1.16144
-0.138858,-1.1623
-0.136304,-1.15153
-0.132504,-1.13753
-0.128826,-1.13933
-0.126534,-1.14998
-0.124087,-1.14856
-0.120454,-1.14887
-0.116942,-1.14073
-0.112494,-1.12029
-0.108663,-1.10753
-0.107211,-1.10335
-0.108108,-1.09464
-0.109607,-1.08693
-0.108814,-1.07234
-0.106707,-1.04658
-0.105185,-1.03154
-0.104816,-1.02092
-0.1046,-1.01317
-0.10458,-1.00787
-0.10311,-0.99796
-0.0998955,-0.969448
-0.0957862,-0.942716
-0.0921715,-0.9223
-0.0895401,-0.906065
-0.0881398,-0.899402
-0.0850816,-0.884358
-0.0813752,-0.863451
-0.0774559,-0.837384
-0.0717925,-0.797733
-0.0674687,-0.764599
-0.0650382,-0.749388
-0.062859,-0.738852
-0.0599958,-0.720685
-0.0565408,-0.709092
-0.0511534,-0.684552
-0.0461277,-0.642162
-0.0408303,-0.605923
-0.0374147,-0.572259
-0.033745,-0.540207
-0.02927,-0.51582
-0.0242862,-0.494035
-0.0190338,-0.46574
-0.0144965,-0.441821
-0.00974209,-0.414464
-0.00637349,-0.380652
-0.000950453,-0.355038
0.00673312,-0.323211
0.0151977,-0.281637
0.0242071,-0.25125
0.0305365,-0.216323
0.0360061,-0.174924
0.0419856,-0.147815
0.0488229,-0.116536
0.0560898,-0.0762054
0.0619183,-0.0542522
0.0665161,-0.0333389
0.0715959,-0.0059092
0.0753781,0.00312219
0.0778209,0.0227413
0.0806488,0.0502041
0.0828673,0.0804671
0.0842521,0.122362
0.0838292,0.166444
0.0825845,0.216936
0.0806799,0.27374
0.0787595,0.329141
0.076262,0.372067
0.0733774,0.418223
0.071807,0.450845
0.0695087,0.451995
0.069516,0.467886
0.0708867,0.489394
0.0720518,0.486981
0.0745259,0.493031
0.0763876,0.518812
0.0757152,0.53332
0.0729651,0.547754
0.0696954,0.580289
0.0654318,0.61342
0.0594686,0.646601
0.0522139,0.689292
0.0465218,0.730463
0.0424161,0.765775
0.0387678,0.793126
0.0357692,0.806708
0.0337686,0.819483
0.0322772,0.826088
0.0311063,0.831233
0.0301564,0.849463
0.0301878,0.871037
0.0274603,0.897036
0.0268672,0.929742
0.0234611,0.957436
0.0183371,0.968958
0.014738,0.980375
0.0120853,0.992971
0.0104164,0.996156
0.00804354,1.00439
0.00610999,1.02977
0.00482655,1.05026
0.00339568,1.05585
-0.000982843,1.06174
-0.00428737,1.06005
-0.00655929,1.06329
-0.00854463,1.07189
-0.0100197,1.08626
-0.0101469,1.1141
-0.0129752,1.12919
-0.0175078,1.12662
-0.0213916,1.12048
-0.0250181,1.12311
-0.0282012,1.11658
-0.0294601,1.1238
-0.0299861,1.14466
-0.0325906,1.1445
-0.0366636,1.13088
-0.0413904,1.12415
-0.0463044,1.12013
-0.0493982,1.11415
-0.0509876,1.12563
-0.05204,1.13796
-0.0535363,1.12971
-0.0572442,1.11521
-0.0607371,1.10604
-0.064621,1.09307
-0.0668496,1.08965
-0.0680929,1.09345
-0.0703151,1.08734
-0.0727313,1.07061
-0.0758758,1.05513
-0.0788768,1.04141
-0.0822647,1.02792
-0.082994,1.0299
-0.082843,1.02559
-0.0846187,1.00665
-0.0871942,0.9822
-0.0900903,0.958801
-0.0918723,0.93104
-0.0926773,0.916016
-0.0914441,0.913208
-0.0912228,0.901652
-0.0922728,0.883548
-0.0949979,0.855821
-0.0976428,0.822246
-0.0987818,0.792039
-0.097671,0.767795
-0.0949922,0.760422
-0.0932542,0.758365
-0.0941028,0.741372
-0.0956863,0.707919
-0.0986614,0.665109
-0.0987265,0.622976
-0.0979393,0.58729
-0.0961436,0.561928
-0.0959327,0.538761
-0.0962922,0.517784
-0.096621,0.503055
-0.098284,0.479226
-0.0992179,0.448779
-0.099195,0.423803
-0.0987654,0.393731
-0.0977188,0.34982
-0.097678,0.306587
-0.0982904,0.271343
-0.0992046,0.232302
-0.101337,0.198416
-0.101214,0.170678
-0.101155,0.139194
-0.100885,0.111365
-0.099426,0.0821361
-0.0992184,0.0506006
-0.097986,0.0324379
-0.095814,0.0166309
-0.0940895,-0.00665031
-0.0924903,-0.0294203
-0.0917569,-0.0587103
-0.0914144,-0.097903
-0.0906149,-0.143732
-0.0911145,-0.192913
-0.0912268,-0.246327
-0.0913682,-0.302279
-0.0913364,-0.366311
-0.0925414,-0.428141
-0.0916358,-0.463479
-0.0919881,-0.494807
-0.0933216,-0.522503
-0.094452,-0.518971
-0.0966499,-0.524677
-0.0995061,-0.546155
-0.101486,-0.553335
-0.100979,-0.561039
-0.0985107,-0.580728
-0.0968788,-0.600781
-0.0956851,-0.623443
-0.0938955,-0.660573
-0.0939599,-0.705868
-0.0965962,-0.751747
-0.0972589,-0.797945
-0.0976596,-0.831611
-0.0981445,-0.858327
-0.0995101,-0.887115
-0.0997397,-0.900704
-0.100543,-0.909173
-0.101572,-0.926235
-0.103013,-0.938919
-0.102854,-0.95744
-0.105286,-0.987642
-0.106531,-1.01263
-0.107582,-1.02631
-0.10614,-1.04736
-0.105487,-1.04896
-0.104484,-1.05012
-0.104329,-1.07384
-0.10753,-1.09269
-0.109811,-1.11401
-0.11262,-1.12772
-0.115502,-1.13404
-0.11587,-1.13147
-0.117601,-1.12892
-0.119085,-1.14011
-0.121807,-1.16148
-0.125218,-1.18131
-0.127531,-1.18892
-0.127959,-1.1965
-0.126766,-1.18586
-0.125201,-1.17543
-0.126036,-1.18639
-0.126407,-1.19588
-0.127324,-1.19325
-0.125729,-1.19219
-0.124573,-1.1812
-0.122235,-1.17093
-0.12103,-1.17021
-0.121191,-1.17608
-0.120989,-1.17574
-0.120686,-1.17232
-0.118313,-1.15779
-0.116984,-1.14484
-0.117441,-1.13774
-0.116609,-1.13103
-0.119037,-1.12258
-0.119418,-1.11273
-0.11814,-1.09125
-0.116183,-1.07662
-0.112758,-1.0681
-0.110051,-1.05686
-0.108362,-1.04765
-0.107143,-1.03745
-0.103938,-1.01287
-0.0985898,-0.98619
-0.0938462,-0.966661
-0.0897178,-0.946291
-0.0879402,-0.932924
-0.087077,-0.914307
-0.0838089,-0.891105
-0.0810479,-0.863632
-0.0785273,-0.825869
-0.0747118,-0.79147
-0.0735253,-0.775493
-0.0729124,-0.764013
-0.071452,-0.743883
-0.0688683,-0.731811
-0.0652237,-0.706979
-0.0597179,-0.659582
-0.0553642,-0.618855
-0.0520858,-0.584308
-0.0498132,-0.550132
-0.0474581,-0.528687
-0.0434078,-0.50815
-0.0393267,-0.474011
-0.0354634,-0.445587
-0.032698,-0.413542
-0.0276379,-0.373237
-0.0224445,-0.346156
-0.0154829,-0.310835
-0.00880447,-0.266658
-0.00542148,-0.236931
-0.00015578,-0.199791
0.00515532,-0.153916
0.0101469,-0.127225
0.0161941,-0.0979898
0.0233666,-0.0599602
0.0303627,-0.0448352
0.0370659,-0.0264677
0.0431531,0.000186735
0.0482207,0.0123326
0.0537863,0.0383484
0.0591987,0.0711772
0.0650238,0.109596
0.0722326,0.159477
0.0778099,0.211293
0.0837328,0.267235
0.0880741,0.330276
0.0904327,0.391055
0.0894224,0.425755
0.0877941,0.461478
0.0847287,0.497002
0.0802812,0.500699
0.075998,0.50947
0.0727583,0.533163
0.0710088,0.536811
0.0696911,0.541773
0.0697257,0.568736
0.0696599,0.590105
0.0678067,0.609123
0.0653568,0.646963
0.0629209,0.683752
0.0608268,0.725297
0.0563734,0.775389
0.0508618,0.812499
0.0455241,0.84492
0.0388445,0.872054
0.0322554,0.873971
0.0281662,0.882551
0.0250108,0.907613
0.0220211,0.917537
0.0192215,0.934141
0.0183623,0.972102
0.0168376,0.998483
0.0154743,1.01036
0.0138591,1.02844
0.0109336,1.0385
0.0109734,1.04452
0.0105206,1.06035
0.00931319,1.07752
0.0111002,1.1051
0.00968646,1.12355
0.00978918,1.11996
0.00864638,1.12375
0.00732195,1.13531
0.00751871,1.13721
0.00662846,1.15512
0.0071073,1.18794
0.00707637,1.19635
0.00400546,1.18797
0.00215054,1.19153
-0.000139365,1.19473
-0.000268968,1.18896
0.000905111,1.20662
0.00261569,1.22112
0.00153526,1.21384
-0.00043928,1.20535
-0.00135233,1.20503
-0.00292497,1.20208
-0.00347622,1.20521
-0.00308196,1.20864
-0.00368652,1.20062
-0.00400215,1.19019
-0.00780676,1.17973
-0.00963601,1.17065
-0.0103151,1.16985
-0.0109137,1.16392
-0.0118315,1.14625
-0.0128262,1.1322
-0.0152875,1.12451
-0.0173908,1.10907
-0.0194767,1.10163
-0.0202799,1.09677
-0.0217638,1.07628
-0.0232376,1.05083
-0.0259089,1.03644
-0.0279728,1.01528
-0.0302689,0.994406
-0.029662,0.987899
-0.0292919,0.971892
-0.0300048,0.941615
-0.0313619,0.913735
-0.0330128,0.890126
-0.0341027,0.856453
-0.0336827,0.837296
-0.0327273,0.829308
-0.0317936,0.809592
-0.0318898,0.782473
-0.034219,0.74551
-0.0348865,0.700914
-0.0358123,0.659478
-0.0348689,0.625209
-0.0327135,0.605313
-0.0310209,0.597847
-0.0311645,0.576293
-0.032407,0.539519
-0.0344332,0.507456
-0.0348627,0.467535
-0.0347728,0.417423
-0.034837,0.383065
-0.0332643,0.35546
-0.032328,0.317942
-0.0327634,0.282877
-0.0345937,0.250913
-0.0349274,0.220912
-0.0363751,0.19503
-0.0370916,0.167996
-0.0371846,0.134289
-0.0361667,0.100882
-0.0371657,0.0627751
-0.0384956,0.0185489
-0.0385647,-0.00970177
-0.0386506,-0.0379015
-0.0397052,-0.0733049
-0.0407586,-0.101711
-0.0426116,-0.141483
-0.0447007,-0.190049
-0.0461283,-0.240283
-0.0483218,-0.299685
-0.0491359,-0.357188
-0.049917,-0.39885
-0.0522946,-0.436803
-0.0550314,-0.477406
-0.0567571,-0.494374
-0.0612419,-0.51242
-0.0657127,-0.542211
-0.0697428,-0.556773
-0.0736228,-0.56962
-0.0760998,-0.591854
-0.0778022,-0.613278
-0.0810899,-0.633066
-0.0840867,-0.656293
-0.0878864,-0.678578
-0.0938327,-0.704135
-0.0978033,-0.735288
-0.102301,-0.763434
-0.107904,-0.80216
-0.112472,-0.846874
-0.116953,-0.88494
-0.121104,-0.916835
-0.125099,-0.947179
-0.129021,-0.966416
-0.133017,-0.972334
-0.13716,-0.980253
-0.142677,-0.989833
-0.146058,-1.00818
-0.149555,-1.03673
-0.151517,-1.05818
-0.151269,-1.07527
-0.14991,-1.09472
-0.146864,-1.09362
-0.14491,-1.10098
-0.143244,-1.12866
-0.141276,-1.15109
-0.139965,-1.16849
-0.137702,-1.18431
-0.135695,-1.19
-0.132045,-1.18316
-0.130637,-1.19333
-0.130246,-1.21339
-0.130873,-1.23261
-0.13325,-1.24349
-0.132987,-1.25058
-0.131244,-1.24555
-0.129056,-1.23975
-0.127515,-1.24265
-0.125762,-1.24998
-0.123454,-1.24804
-0.119903,-1.24508
-0.115839,-1.23768
-0.112591,-1.23354
-0.109573,-1.23633
-0.108376,-1.2339
-0.108784,-1.22751
-0.109399,-1.22148
-0.109423,-1.20681
-0.110346,-1.20038
-0.110399,-1.20029
-0.109864,-1.18598
-0.109987,-1.17282
-0.10979,-1.16167
-0.107352,-1.14159
-0.105618,-1.13371
-0.103427,-1.13476
-0.0995592,-1.1163
-0.0959078,-1.09642
-0.0933242,-1.08171
-0.0892543,-1.05396
-0.0854548,-1.03142
-0.0816804,-1.02337
-0.077876,-1.00284
-0.0751288,-0.971267
-0.0726335,-0.953691
-0.0696076,-0.921056
-0.0658619,-0.881343
-0.0617314,-0.860714
-0.0588937,-0.84513
-0.0548741,-0.823531
-0.0524918,-0.810705
-0.0485509,-0.792175
-0.0435453,-0.751243
-0.038063,-0.710011
-0.0329519,-0.673545
-0.0290652,-0.638327
-0.0264203,-0.618954
-0.0239622,-0.598166
-0.020066,-0.561884
-0.0143633,-0.531249
-0.0069348,-0.494019
0.00133569,-0.444773
0.00743762,-0.408969
0.0107092,-0.376122
0.0147365,-0.336786
0.0203786,-0.310883
0.0279654,-0.280207
0.0361456,-0.242667
0.0436773,-0.222576
0.050015,-0.19705
0.0555313,-0.163386
0.0598432,-0.141356
0.0655125,-0.107507
0.0726849,-0.0621737
0.0777837,-0.0347789
0.0816418,-0.00422485
0.0855298,0.0341045
0.0890738,0.0550311
0.0915083,0.088509
0.0936437,0.131278
0.0931405,0.177047
0.0912368,0.233793
0.0878184,0.289772
0.0841223,0.340429
0.0818088,0.398127
0.0780926,0.451597
0.075384,0.471986
0.0737808,0.498444
0.0733742,0.530334
0.0737821,0.53539
0.0764954,0.547981
0.080715,0.571871
0.0836722,0.579009
0.0849014,0.588245
0.0853408,0.60993
0.0819958,0.624042
0.0775397,0.644756
0.0717376,0.68065
0.0641946,0.71319
0.0564632,0.749994
0.0497252,0.795122
0.0443512,0.835897
0.0405575,0.878804
0.0379501,0.914444
0.0379048,0.933233
0.0367216,0.952152
0.0353988,0.966557
0.0341492,0.969883
0.0316491,0.986009
0.0302296,1.00736
0.0263503,1.02944
0.0220073,1.05719
0.0175006,1.07574
0.0138075,1.07694
0.0113134,1.08039
0.00964811,1.09335
0.00845548,1.09898
0.00910762,1.11998
0.00920134,1.15449
0.00695437,1.16409
0.0041084,1.16056
-0.000403445,1.16628
-0.00416416,1.17056
-0.0050955,1.17438
-0.0057212,1.20404
-0.00616266,1.22513
-0.00769637,1.22285
-0.0109579,1.2161
-0.0142128,1.21285
-0.0172954,1.20811
-0.0188923,1.21496
-0.0187877,1.22358
-0.0194129,1.2227
-0.0224567,1.21393
-0.0259746,1.20896
-0.0297431,1.20499
-0.0327933,1.20967
-0.0344824,1.20993
-0.0366606,1.19908
-0.0393499,1.18781
-0.0435235,1.17798
-0.0480746,1.16451
-0.0512963,1.15995
-0.053447,1.15499
-0.0556692,1.13655
-0.0584371,1.11977
-0.0617939,1.11268
-0.0649736,1.09912
-0.0680052,1.08642
-0.0700396,1.07863
-0.0703444,1.06095
-0.0736179,1.03211
-0.0769387,1.0149
-0.0800642,0.995733
-0.0829133,0.973667
-0.0837561,0.963223
-0.0838865,0.950741
-0.0838284,0.922921
-0.0861489,0.892358
-0.088618,0.864371
-0.0906111,0.830254
-0.0907157,0.80732
-0.088852,0.798501
-0.0881002,0.782763
-0.0888878,0.762916
-0.0911628,0.73296
-0.0945227,0.686928
-0.0959611,0.637244
-0.0955954,0.597309
-0.0945571,0.566907
-0.0932999,0.555962
-0.0918376,0.539362
-0.0929593,0.508622
-0.0926087,0.485894
-0.0922436,0.456232
-0.0921688,0.410639
-0.0915469,0.36863
-0.0895531,0.337936
-0.0880728,0.298251
-0.0888615,0.259389
-0.0897604,0.22859
-0.0904748,0.191907
-0.091662,0.157343
-0.0914679,0.128756
-0.0905204,0.100979
-0.0891099,0.0779283
-0.088703,0.0535392
-0.0890071,0.0246078
-0.0891043,0.00579346
-0.0876126,-0.0162438
-0.0867613,-0.0468583
-0.0856497,-0.0786063
-0.08435,-0.115878
-0.084411,-0.163887
-0.084517,-0.217446
-0.0841102,-0.27607
-0.0842189,-0.337009
-0.0838087,-0.388296
-0.0849597,-0.437687
-0.0852603,-0.482732
-0.085611,-0.498597
-0.0857657,-0.516989
-0.0879451,-0.540623
-0.0883652,-0.53779
-0.0899915,-0.541414
-0.0904078,-0.563369
-0.0888388,-0.574149
-0.0873546,-0.582216
-0.0852711,-0.604122
-0.0826568,-0.628526
-0.082464,-0.653996
-0.0822805,-0.68836
-0.0841142,-0.728499
-0.0864855,-0.772624
-0.087927,-0.816955
-0.0882665,-0.84497
-0.0895443,-0.870939
-0.0913169,-0.902093
-0.091826,-0.91155
-0.094102,-0.914383
-0.0951514,-0.932277
-0.097042,-0.946104
-0.0990387,-0.96202
-0.101513,-0.994184
-0.103352,-1.01771
-0.104619,-1.02966
-0.105472,-1.05031
-0.104756,-1.05246
-0.10608,-1.05915
-0.108687,-1.08288
-0.111848,-1.10292
-0.115436,-1.12173
-0.116301,-1.13396
-0.11664,-1.13899
-0.116036,-1.13512
-0.117125,-1.14169
-0.11723,-1.15807
-0.119099,-1.18064
-0.120598,-1.19439
-0.121542,-1.20255
-0.121345,-1.20219
-0.120435,-1.19325
-0.119561,-1.18921
-0.120701,-1.199
-0.123328,-1.20281
-0.124048,-1.20054
-0.12189,-1.19456
-0.119252,-1.18275
-0.116991,-1.17663
-0.115132,-1.18068
-0.113469,-1.18141
-0.112562,-1.17987
-0.111927,-1.17158
-0.10905,-1.15453
-0.107311,-1.14378
-0.106152,-1.13875
-0.10607,-1.12716
-0.10685,-1.11791
-0.105785,-1.10578
-0.104818,-1.08116
-0.103599,-1.07081
-0.102639,-1.06416
-0.101604,-1.05177
-0.101518,-1.0446
-0.0994126,-1.0356
-0.0963843,-1.00676
-0.0923693,-0.984903
-0.0896056,-0.96876
-0.0866349,-0.948161
-0.0853161,-0.934748
-0.0845881,-0.919169
-0.0821645,-0.893633
-0.077894,-0.861286
-0.0729808,-0.826857
-0.0696003,-0.798406
-0.0677667,-0.786765
-0.0657476,-0.77557
-0.0637799,-0.752037
-0.0597432,-0.737224
-0.0549961,-0.707623
-0.0491195,-0.658303
-0.0446042,-0.625791
-0.0420559,-0.59863
-0.0397098,-0.567905
-0.0370283,-0.552972
-0.0336339,-0.534409
-0.0298038,-0.49557
-0.0261802,-0.467236
-0.0196972,-0.433773
-0.0139413,-0.390844
-0.00850733,-0.361483
-0.00246117,-0.326014
0.00248672,-0.283027
0.00796729,-0.250603
0.013952,-0.211945
0.0198964,-0.171303
0.0253424,-0.147262
0.031866,-0.118115
0.0405944,-0.0807142
0.0480659,-0.0570275
0.0543373,-0.0322704
0.0599292,-0.00496161
0.0641737,0.00722261
0.069005,0.0301938
0.0745687,0.0605334
0.0802587,0.0946921
0.0858974,0.141709
0.0899259,0.19034
0.0925647,0.245083
0.0934051,0.305432
0.092099,0.365607
0.0902615,0.411276
0.0868377,0.453337
0.0826081,0.496027
0.0768365,0.510408
0.0733885,0.522773
0.0721355,0.543999
0.0709323,0.546371
0.0730885,0.54876
0.0747648,0.563444
0.0751992,0.573068
0.0758329,0.588737
0.0743455,0.61885
0.071721,0.651911
0.0671948,0.691848
0.0605135,0.737487
0.0544381,0.780776
0.0479664,0.826602
0.0412785,0.867437
0.0359407,0.88955
0.03144,0.908854
0.0288709,0.926233
0.0277327,0.930637
0.0271549,0.940509
0.0269769,0.962206
0.0275935,0.986858
0.0290087,1.01613
0.0286832,1.04011
0.0279829,1.0475
0.0257659,1.05061
0.0249226,1.06283
0.0242219,1.06918
0.0233374,1.08387
0.0205599,1.12005
0.0182183,1.14092
0.0151551,1.14312
0.011853,1.14738
0.00861957,1.15458
0.00654655,1.1575
0.00624786,1.17446
0.0060446,1.2045
0.00459118,1.21775
0.00141551,1.21133
-0.00255562,1.20439
-0.0064614,1.20589
-0.00810138,1.20894
-0.00829069,1.21868
-0.00904679,1.22944
-0.009273,1.22737
-0.0128507,1.21641
-0.0157551,1.21188
-0.0184661,1.2133
-0.0200589,1.21844
-0.0216056,1.21642
-0.0227265,1.20756
-0.0273112,1.19969
-0.030354,1.18896
-0.0337893,1.18065
-0.0365053,1.18193
-0.038715,1.17295
-0.0416467,1.15351
-0.0442886,1.14576
-0.0475237,1.1386
-0.0524763,1.12252
-0.0545525,1.11619
-0.0557365,1.10734
-0.0572071,1.08048
-0.0586236,1.05668
-0.0613441,1.04161
-0.0635054,1.01896
-0.0658939,1.00196
-0.0651564,0.989284
-0.0663859,0.969151
-0.0669962,0.942191
-0.0689365,0.917732
-0.070723,0.887506
-0.0721374,0.859089
-0.0711625,0.844838
-0.0698643,0.828646
-0.069199,0.809979
-0.0695502,0.783244
-0.0713087,0.742716
-0.0725949,0.69557
-0.0717155,0.652879
-0.0700142,0.622831
-0.0675596,0.610897
-0.0663685,0.594727
-0.0669056,0.567809
-0.0668837,0.544869
-0.0680226,0.508823
-0.0684462,0.460173
-0.0678435,0.419078
-0.067854,0.389786
-0.0679262,0.349686
-0.0672383,0.31043
-0.0674577,0.278983
-0.0682489,0.246035
-0.0690944,0.215897
-0.0685992,0.188602
-0.0677018,0.158408
-0.0655286,0.130937
-0.0651202,0.0968951
-0.0657334,0.0542002
-0.0657113,0.0216058
-0.0658891,-0.0116301
-0.0648713,-0.0516957
-0.0636027,-0.0831452
-0.0639281,-0.120262
-0.0644134,-0.16703
-0.0654642,-0.217633
-0.0654371,-0.276877
-0.0663857,-0.339485
-0.0671008,-0.39233
-0.068051,-0.442833
-0.070296,-0.487597
-0.0713643,-0.505918
-0.0746502,-0.527563
-0.0769544,-0.559277
-0.0802734,-0.569412
-0.0834651,-0.587035
-0.0854978,-0.615443
-0.0846618,-0.629735
-0.0831071,-0.645239
-0.0820361,-0.67163
-0.0814448,-0.693465
-0.0820724,-0.710062
-0.0844209,-0.737431
-0.0874604,-0.768319
-0.0908109,-0.80022
-0.0935066,-0.838607
-0.0960143,-0.877179
-0.0989849,-0.91868
-0.101313,-0.949421
-0.104361,-0.971086
-0.107524,-0.995012
-0.110201,-1.01058
-0.113861,-1.01966
-0.116891,-1.04228
-0.120374,-1.07546
-0.123463,-1.09917
-0.124412,-1.11392
-0.124157,-1.13484
-0.123344,-1.13681
-0.123149,-1.13428
-0.124359,-1.15837
-0.124634,-1.18344
-0.125771,-1.19992
-0.126302,-1.21153
-0.125845,-1.22221
-0.124578,-1.21715
-0.125063,-1.22437
-0.125286,-1.24711
-0.126063,-1.26861
-0.127154,-1.27719
-0.126799,-1.28492
-0.125277,-1.28261
-0.124038,-1.28146
-0.123989,-1.28715
-0.123499,-1.29074
-0.122597,-1.28752
-0.121217,-1.28215
-0.119212,-1.27539
-0.115301,-1.27844
-0.111794,-1.28385
-0.110301,-1.27725
-0.110605,-1.27174
-0.109526,-1.26212
-0.108108,-1.24901
-0.107096,-1.2494
-0.106056,-1.24571
-0.103674,-1.22602
-0.102958,-1.21063
-0.103162,-1.19792
-0.100888,-1.18733
-0.0987885,-1.18617
-0.096804,-1.17964
-0.0961646,-1.16065
-0.0950221,-1.14136
-0.0925273,-1.1199
-0.0896705,-1.10398
-0.0873078,-1.0952
-0.0842246,-1.08074
-0.0817591,-1.05552
-0.0794463,-1.02967
-0.0762602,-1.00121
-0.0718157,-0.976956
-0.0675424,-0.956672
-0.06515,-0.941823
-0.062983,-0.916327
-0.0598168,-0.887668
-0.0559448,-0.861809
-0.0508411,-0.822038
-0.0469285,-0.783124
-0.0431729,-0.758012
-0.0413262,-0.736644
-0.0387207,-0.705378
-0.0337564,-0.684352
-0.0274559,-0.657984
-0.0201131,-0.611035
-0.0136707,-0.570069
-0.00961613,-0.532961
-0.00580745,-0.492895
-0.0028789,-0.464113
0.00290133,-0.437984
0.0102289,-0.404307
0.0178836,-0.374832
0.025591,-0.340756
0.0339476,-0.295626
0.0414037,-0.258965
0.0503872,-0.216107
0.0575605,-0.165274
0.0658092,-0.127888
0.0744552,-0.079967
0.0815715,-0.0227091
0.0895898,0.01452
0.0954193,0.0483601
0.100164,0.0860756
0.103042,0.104964
0.104563,0.139633
0.105055,0.182878
0.105437,0.226504
0.10272,0.28373
0.0994588,0.339863
0.0958506,0.381533
0.0936415,0.421102
0.0907391,0.460666
0.0879679,0.475007
0.0883437,0.499399
0.0898808,0.535107
0.091962,0.554416
0.0931527,0.579892
0.0931277,0.617466
0.0916914,0.643624
0.087467,0.671874
0.0841181,0.720237
0.0790302,0.760111
0.072933,0.795015
0.0668223,0.833634
0.0603053,0.852193
0.0542896,0.867367
0.0503867,0.892928
0.0469466,0.914325
0.0460758,0.941866
0.0461741,0.981406
0.0461956,1.01994
0.0454138,1.04941
0.0459085,1.07228
0.045732,1.08699
0.0448327,1.1048
0.0439901,1.12869
0.042969,1.14568
0.0400048,1.17884
0.0379822,1.21215
0.0328663,1.21578
0.0290374,1.21397
0.0257687,1.22952
0.0227487,1.23424
0.0218398,1.24011
0.020955,1.27093
0.0190706,1.28449
0.0168298,1.27784
0.01323,1.28718
0.0090835,1.30121
0.00589108,1.3112
0.00289682,1.32993
0.000917646,1.33926
-0.00252665,1.33595
-0.00599293,1.33726
-0.0104838,1.33841
-0.0146659,1.34374
-0.0176672,1.34243
-0.0207482,1.32935
-0.0234428,1.32472
-0.0260915,1.33172
-0.0299929,1.33508
-0.0348239,1.33454
-0.039264,1.32171
-0.0426925,1.30244
-0.04603,1.29062
-0.0501706,1.29032
-0.0535145,1.29336
-0.0577068,1.27994
-0.0622956,1.25227
-0.0664172,1.23499
-0.0708894,1.22388
-0.0745404,1.22102
-0.0784955,1.22179
-0.0814385,1.20607
-0.0855572,1.1724
-0.0894856,1.13972
-0.0941416,1.12075
-0.0966317,1.10893
-0.0980755,1.0923
-0.0991533,1.06321
-0.101089,1.02869
-0.10251,1.00317
-0.105757,0.97903
-0.107023,0.961484
-0.106556,0.949306
-0.105766,0.926459
-0.104388,0.888849
-0.105074,0.849338
-0.106833,0.817124
-0.106885,0.780323
-0.106713,0.750535
-0.103802,0.731782
-0.100813,0.706841
-0.100297,0.682247
-0.100993,0.65058
-0.101728,0.605699
-0.102197,0.550823
-0.102659,0.502116
-0.10142,0.462833
-0.100036,0.438466
-0.0994748,0.414564
-0.0996152,0.382032
-0.0988316,0.358176
-0.0977722,0.330537
-0.0973253,0.286858
-0.0969821,0.248796
-0.0959344,0.210268
-0.0943037,0.159504
-0.0928145,0.109774
-0.0919991,0.0680989
-0.0922449,0.0252088
-0.0932416,-0.00725004
-0.0938953,-0.0344378
-0.0922241,-0.0659713
-0.091019,-0.0896354
-0.0900698,-0.124624
-0.0885479,-0.165697
-0.0878941,-0.213358
-0.0882795,-0.270895
-0.0862925,-0.329291
-0.0855136,-0.379967
-0.0855161,-0.426539
-0.0856131,-0.465704
-0.0850968,-0.478982
-0.0841648,-0.496732
-0.0852627,-0.517464
-0.0863122,-0.518834
-0.0875737,-0.535389
-0.0872683,-0.570249
-0.0861256,-0.599786
-0.084878,-0.632983
-0.0834515,-0.680349
-0.0813097,-0.72691
-0.0803944,-0.76997
-0.0793112,-0.810627
-0.0801411,-0.842462
-0.0799132,-0.874389
-0.0783833,-0.897959
-0.0760854,-0.902536
-0.0758477,-0.924185
-0.0750901,-0.95878
-0.0745926,-0.982426
-0.0746652,-1.01744
-0.0755179,-1.05051
-0.0754786,-1.06411
-0.0753218,-1.07806
-0.076026,-1.09051
-0.0773442,-1.10216
-0.0804276,-1.1273
-0.0825907,-1.16361
-0.0852148,-1.18371
-0.0875655,-1.19867
-0.088261,-1.21464
-0.0886314,-1.20683
-0.0901653,-1.21117
-0.0920929,-1.23753
-0.094506,-1.25379
-0.0974372,-1.2577
-0.0991863,-1.26638
-0.100569,-1.26525
-0.103649,-1.26752
-0.105645,-1.2896
-0.108402,-1.30848
-0.110805,-1.31873
-0.113198,-1.32927
-0.113327,-1.32675
-0.112823,-1.33238
-0.112862,-1.3468
-0.112458,-1.34204
-0.11323,-1.3402
-0.112802,-1.34108
-0.111788,-1.33858
-0.109675,-1.34699
-0.108601,-1.35051
-0.107575,-1.34003
-0.106472,-1.32737
-0.105864,-1.31944
-0.105274,-1.32105
-0.104326,-1.32094
-0.102478,-1.305
-0.101663,-1.28496
-0.102426,-1.26554
-0.101819,-1.25584
-0.101524,-1.26044
-0.0995217,-1.25002
-0.097821,-1.22505
-0.0966347,-1.19955
-0.0954458,-1.1735
-0.0926984,-1.15891
-0.0901652,-1.15464
-0.0865714,-1.13174
-0.0829349,-1.09874
-0.0796649,-1.0679
-0.0744301,-1.03705
-0.070723,-1.01616
-0.0672863,-1.00703
-0.0645555,-0.979873
-0.0633993,-0.945183
-0.0605337,-0.916549
-0.0566656,-0.876641
-0.0540178,-0.840461
-0.0523152,-0.822101
-0.0520959,-0.798859
-0.0502711,-0.761253
-0.0475493,-0.742334
-0.0420804,-0.714142
-0.0354364,-0.663771
-0.0308217,-0.628439
-0.0275841,-0.596774
-0.0259124,-0.555459
-0.0244084,-0.536472
-0.0205096,-0.520073
-0.0143973,-0.482775
-0.00825759,-0.45489
-0.00128198,-0.419523
0.0035623,-0.371925
0.00851584,-0.33287
0.0148803,-0.288731
0.0220621,-0.232597
0.0315853,-0.189574
0.0415338,-0.145495
0.0526501,-0.094927
0.0611876,-0.067332
0.0677829,-0.0312934
0.0744981,0.0132268
0.0810983,0.0287075
0.0882552,0.0525873
0.0962115,0.084805
0.10135,0.112044
0.106209,0.157011
0.109088,0.211327
0.109437,0.267843
0.109055,0.334978
0.105353,0.399198
0.100195,0.437519
0.0948912,0.480059
0.0896281,0.523409
0.0849828,0.53539
0.0827047,0.557629
0.0825145,0.591018
0.0821479,0.599968
0.0833342,0.609633
0.0840134,0.637612
0.0842172,0.659456
0.0846861,0.685086
0.0832397,0.729723
0.079172,0.77168
0.0740062,0.819953
0.068527,0.869254
0.0630959,0.89981
0.0580532,0.934413
0.0538469,0.967582
0.0493672,0.980754
0.0462411,1.00222
0.0425903,1.0294
0.0396778,1.04624
0.0376963,1.07375
0.0353218,1.10307
0.0321963,1.10876
0.0301747,1.11494
0.0274821,1.13337
0.0246346,1.14671
0.0227967,1.16448
0.0220593,1.20462
0.0202635,1.23103
0.0184485,1.23776
0.0164304,1.24581
0.0144313,1.25338
0.0134388,1.2605
0.0118479,1.28593
0.0114271,1.31196
0.0103722,1.31834
0.00775891,1.32266
0.00580427,1.33286
0.00269986,1.33906
-7.47977e-05,1.35512
-0.00311176,1.36442
-0.00457314,1.36012
-0.00626408,1.36072
-0.0105269,1.36101
-0.0144662,1.36208
-0.0168863,1.3646
-0.0183953,1.35284
-0.0207819,1.34171
-0.0229325,1.34713
-0.0259373,1.3535
-0.0300968,1.35478
-0.0352019,1.3459
-0.0392202,1.32687
-0.0428151,1.31296
-0.0463424,1.31018
-0.0515644,1.31523
-0.0552249,1.30612
-0.0586328,1.28116
-0.0638455,1.25458
-0.0672869,1.23983
-0.0712726,1.23386
-0.0747217,1.23191
-0.0767933,1.21704
-0.0788346,1.18727
-0.0819645,1.15199
-0.0860412,1.12784
-0.0883544,1.11966
-0.0897001,1.10752
-0.0891418,1.08079
-0.0900429,1.04298
-0.0914084,1.00866
-0.093292,0.982918
-0.0949931,0.964182
-0.0947297,0.953396
-0.0931124,0.93026
-0.0926248,0.892062
-0.0938114,0.849568
-0.09608,0.815237
-0.0976343,0.781162
-0.0958249,0.756116
-0.0925386,0.73754
-0.0900146,0.713154
-0.0889825,0.689089
-0.0888256,0.656826
-0.0895261,0.614499
-0.0906999,0.559895
-0.0894386,0.507823
-0.0884531,0.465544
-0.0884955,0.438104
-0.0886581,0.409697
-0.0885559,0.368718
-0.0876253,0.34132
-0.086964,0.310678
-0.0876576,0.266618
-0.0875612,0.228629
-0.0871792,0.193316
-0.0863857,0.14483
-0.0860743,0.0917568
-0.084722,0.0477299
-0.0843704,0.00632073
-0.0835918,-0.0259275
-0.0827704,-0.0539026
-0.0817461,-0.086462
-0.0787746,-0.115524
-0.0773364,-0.156774
-0.0759616,-0.203696
-0.0743806,-0.254772
-0.0722519,-0.315498
-0.0712693,-0.375604
-0.0702881,-0.417177
-0.0703159,-0.45018
-0.0708963,-0.483488
-0.0716805,-0.489656
-0.072674,-0.500353
-0.0743423,-0.523724
-0.0757008,-0.536499
-0.0767804,-0.556924
-0.0764749,-0.595674
-0.074809,-0.634452
-0.0752113,-0.674811
-0.0733651,-0.725341
-0.0736744,-0.771369
-0.0746708,-0.807914
-0.0751982,-0.848341
-0.0774,-0.87964
-0.0782382,-0.899955
-0.0789191,-0.91713
-0.0784169,-0.926175
-0.0783337,-0.949551
-0.0793348,-0.98185
-0.0805381,-1.01183
-0.0822298,-1.04021
-0.0834663,-1.06181
-0.0846374,-1.07418
-0.0859294,-1.08037
-0.0871649,-1.09987
-0.0902864,-1.12761
-0.0929063,-1.16141
-0.0959039,-1.19588
-0.0977424,-1.21128
-0.0987944,-1.22794
-0.0994839,-1.23574
-0.100014,-1.23998
-0.102426,-1.2576
-0.10506,-1.2828
-0.105876,-1.28641
-0.10498,-1.28921
-0.104153,-1.28986
-0.103537,-1.28726
-0.105652,-1.29836
-0.107131,-1.31816
-0.110003,-1.32621
-0.111819,-1.32924
-0.113024,-1.33016
-0.11338,-1.33449
-0.113874,-1.34248
-0.113073,-1.34014
-0.113202,-1.33602
-0.113735,-1.3299
-0.112553,-1.32867
-0.110027,-1.3357
-0.107553,-1.33384
-0.106065,-1.32162
-0.105478,-1.3091
-0.104543,-1.29657
-0.104621,-1.2952
-0.104157,-1.29568
-0.104297,-1.27855
-0.104592,-1.25644
-0.104914,-1.23447
-0.104583,-1.22286
-0.103749,-1.2233
-0.102359,-1.21804
-0.100482,-1.19866
-0.098487,-1.17411
-0.0951973,-1.14757
-0.0909391,-1.13097
-0.0866988,-1.12271
-0.0824567,-1.10568
-0.0793546,-1.07896
-0.07637,-1.04442
-0.0736012,-1.01465
-0.0690685,-0.995228
-0.0664059,-0.977108
-0.0625793,-0.958797
-0.0605975,-0.932672
-0.0570957,-0.901378
-0.0520221,-0.869211
-0.0468657,-0.836854
-0.043074,-0.808113
-0.0420765,-0.790159
-0.040604,-0.765186
-0.0375552,-0.731599
-0.0328051,-0.710917
-0.0253526,-0.672648
-0.0181327,-0.617794
-0.0128266,-0.580829
-0.00945367,-0.548334
-0.00658948,-0.509486
-0.00388508,-0.492463
0.000625858,-0.47034
0.00670009,-0.427568
0.0138991,-0.398928
0.021225,-0.362605
0.0274289,-0.315264
0.0330759,-0.281422
0.0395659,-0.237881
0.0464579,-0.182059
0.0539205,-0.141334
0.0636324,-0.0934646
0.073058,-0.0401349
0.0805297,-0.00938952
0.0889129,0.0220852
0.0958845,0.058035
0.100516,0.0749009
0.102871,0.102965
0.105005,0.13978
0.106096,0.180062
0.104794,0.233779
0.101847,0.286341
0.0995877,0.332561
0.0977238,0.388039
0.094075,0.43843
0.0900794,0.457294
0.0886963,0.486315
0.0874929,0.521402
0.0859679,0.525563
0.0862478,0.540619
0.0881611,0.574222
0.0883632,0.593634
0.0889348,0.61056
0.0869975,0.645146
0.0838322,0.677762
0.0790248,0.713917
0.0727791,0.764216
0.0664326,0.802802
0.0600127,0.837277
0.0551326,0.872575
0.0488158,0.888022
0.0452015,0.901533
0.0430146,0.929941
0.0418328,0.946224
0.0417791,0.96919
0.0411244,1.00781
0.0402015,1.04099
0.0397148,1.05937
0.0371433,1.07536
0.0342509,1.08683
0.0316313,1.09761
0.0287505,1.11504
0.0281622,1.13451
0.0275767,1.16963
0.0264186,1.19049
0.022055,1.18652
0.0188463,1.18876
0.0174192,1.20466
0.0147623,1.20489
0.0140604,1.22152
0.0139618,1.2537
0.0118956,1.25737
0.0077874,1.24902
0.0041027,1.26133
0.00146477,1.27093
-0.000510072,1.27977
-0.00122897,1.29757
-0.00241508,1.30266
-0.00396621,1.29488
-0.00731925,1.29419
-0.0103131,1.29539
-0.0125976,1.29722
-0.0146791,1.29449
-0.0176907,1.28368
-0.0207382,1.28298
-0.0250274,1.2849
-0.0294432,1.28684
-0.0328045,1.28748
-0.0357408,1.27455
-0.0387091,1.25455
-0.041613,1.24602
-0.0457834,1.2438
-0.0495084,1.24187
-0.0532355,1.22955
-0.0550574,1.20367
-0.0570899,1.1834
-0.0590451,1.17063
-0.0616315,1.16199
-0.0638533,1.16136
-0.0645876,1.14811
-0.0657598,1.11619
-0.0669289,1.08424
-0.0694579,1.06442
-0.0708224,1.04594
-0.0701825,1.03289
-0.0685948,1.01496
-0.0677584,0.984509
-0.0687754,0.952115
-0.0721463,0.925051
-0.07398,0.896427
-0.0744194,0.875512
-0.0743515,0.856908
-0.0733903,0.830052
-0.0732095,0.799664
-0.0755454,0.76553
-0.0768789,0.721483
-0.0785814,0.675083
-0.0783505,0.635969
-0.0765068,0.613844
-0.0747035,0.604347
-0.0745751,0.58317
-0.0754219,0.550057
-0.0763731,0.514873
-0.0778907,0.468409
-0.0774058,0.41406
-0.076079,0.377099
-0.0751785,0.348226
-0.0753746,0.306373
-0.0753541,0.261786
-0.0759586,0.22981
-0.0756154,0.200797
-0.0754383,0.172749
-0.0746499,0.143457
-0.073411,0.110571
-0.0722198,0.0807506
-0.0717297,0.0417462
-0.0708217,0.00237236
-0.0694564,-0.0207186
-0.068575,-0.0480704
-0.066356,-0.0833602
-0.0643142,-0.119335
-0.0634502,-0.164311
-0.0640803,-0.218699
-0.064534,-0.278284
-0.0641046,-0.342351
-0.063214,-0.404852
-0.0631933,-0.448326
-0.0620844,-0.48327
-0.0636853,-0.519152
-0.0663988,-0.530278
-0.0696939,-0.548793
-0.0731375,-0.579475
-0.0753227,-0.590509
-0.0767415,-0.598719
-0.0779019,-0.624091
-0.0765201,-0.644149
-0.0759035,-0.661085
-0.0756415,-0.684812
-0.0765441,-0.707308
-0.0785498,-0.735945
-0.0817129,-0.77435
-0.0851985,-0.813497
-0.0900749,-0.857548
-0.0925697,-0.903458
-0.0931152,-0.929381
-0.0947929,-0.954225
-0.0969104,-0.984914
-0.0978142,-0.98775
-0.0996253,-0.992008
-0.102148,-1.01678
-0.104455,-1.03389
-0.106282,-1.05609
-0.106617,-1.08447
-0.107202,-1.10083
-0.106764,-1.11186
-0.105788,-1.11827
-0.105576,-1.12884
-0.10594,-1.15403
-0.106575,-1.18563
-0.106555,-1.20008
-0.107469,-1.21371
-0.106579,-1.22319
-0.105834,-1.21239
-0.104575,-1.22391
-0.105581,-1.2531
-0.107675,-1.26162
-0.10887,-1.26584
-0.1099,-1.27402
-0.109955,-1.26268
-0.111378,-1.25819
-0.112485,-1.2722
-0.114164,-1.27237
-0.114559,-1.26639
-0.11414,-1.26409
-0.112588,-1.26021
-0.111062,-1.26253
-0.10933,-1.26834
-0.108198,-1.26421
-0.108516,-1.25872
-0.106377,-1.2457
-0.105526,-1.23641
-0.102975,-1.23682
-0.0999927,-1.22629
-0.0986193,-1.20954
-0.0981197,-1.19439
-0.0987208,-1.17365
-0.09815,-1.16623
-0.0980764,-1.1645
-0.0974123,-1.14608
-0.0974341,-1.12887
-0.0963687,-1.1088
-0.0930679,-1.0779
-0.0889674,-1.06406
-0.0856905,-1.05559
-0.0818839,-1.02936
-0.0787987,-1.00571
-0.0751425,-0.98528
-0.0693613,-0.947759
-0.0653669,-0.925419
-0.0601211,-0.910309
-0.0575585,-0.887989
-0.055701,-0.871072
-0.0528162,-0.851061
-0.0498936,-0.820632
-0.0440087,-0.785289
-0.0394945,-0.745005
-0.0337596,-0.70641
-0.0308178,-0.683832
-0.0275708,-0.662666
-0.0237793,-0.62663
-0.0203036,-0.601344
-0.0136042,-0.56784
-0.00469042,-0.516875
0.00258305,-0.479775
0.00755259,-0.447905
0.0123832,-0.413754
0.0166996,-0.393649
0.0215626,-0.364787
0.0281782,-0.325089
0.0343309,-0.303428
0.0414378,-0.270615
0.0484822,-0.228321
0.0525162,-0.200418
0.0589181,-0.161342
0.064786,-0.109315
0.0705098,-0.0714947
0.0765337,-0.0259797
0.0824914,0.0264698
0.0866845,0.0508355
0.0908003,0.0776418
0.0961645,0.118311
0.0993928,0.153311
0.101304,0.202899
0.101816,0.25704
0.100177,0.306905
0.0979532,0.363852
0.0937142,0.414472
0.0896572,0.437753
0.087087,0.469216
0.0845191,0.504996
0.0832142,0.512119
0.0832698,0.534002
0.0850904,0.568948
0.0877834,0.588184
0.0884724,0.61314
0.0890205,0.649067
0.086795,0.674016
0.0822129,0.696028
0.0768703,0.724759
0.0688427,0.742292
0.0607633,0.762267
0.0521876,0.793876
0.0458149,0.816788
0.0415854,0.846286
0.0384829,0.886314
0.0379826,0.925417
0.0378127,0.959306
0.0380378,0.988951
0.036309,1.00634
0.0351238,1.0195
0.0335511,1.03382
0.0312216,1.04378
0.0287821,1.06497
0.0265406,1.09999
0.023275,1.11843
0.0192454,1.1264
0.0152391,1.13341
0.0135473,1.13365
0.0117734,1.14002
0.0117879,1.15955
0.0120318,1.18677
0.0119114,1.20293
0.0102184,1.20747
0.00706955,1.20568
0.00442868,1.21245
0.00151075,1.22203
0.00107306,1.23925
0.0012191,1.26115
0.000967373,1.26802
-0.00224927,1.25767
-0.00462827,1.25379
-0.00683078,1.25472
-0.00842667,1.25649
-0.00949965,1.25502
-0.012074,1.24796
-0.0135503,1.24108
-0.0166913,1.23696
-0.0187325,1.23406
-0.0209252,1.23891
-0.0227412,1.23412
-0.0234759,1.21612
-0.0267754,1.20445
-0.0304565,1.19789
-0.0338723,1.18733
-0.0363482,1.18343
-0.0384094,1.16959
-0.0410364,1.14592
-0.0433186,1.13236
-0.0466403,1.12308
-0.0497517,1.1103
-0.0512564,1.10182
-0.052468,1.08525
-0.0531494,1.05545
-0.0545703,1.02829
-0.0562741,1.00964
-0.0578744,0.985219
-0.0581775,0.967846
-0.0560184,0.952779
-0.0553122,0.927708
-0.0556632,0.897018
-0.0580956,0.869967
-0.0586573,0.839955
-0.0577839,0.809042
-0.0563698,0.792782
-0.05414,0.775431
-0.0526315,0.75605
-0.0533515,0.727307
-0.0548807,0.686835
-0.0556521,0.633137
-0.05488,0.581143
-0.0526381,0.541868
-0.0505819,0.522736
-0.048386,0.501691
-0.0489677,0.469498
-0.0482927,0.449986
-0.0491127,0.423225
-0.0498334,0.378402
-0.0504543,0.336255
-0.049587,0.301561
-0.0479125,0.258742
-0.0481337,0.215411
-0.0485432,0.178946
-0.048772,0.139692
-0.049305,0.102925
-0.0501242,0.065785
-0.0492713,0.0279044
-0.0478558,0.00729308
-0.0463291,-0.0109025
-0.0453867,-0.0372656
-0.0453071,-0.0591307
-0.0456227,-0.0898489
-0.0453267,-0.130878
-0.045645,-0.175647
-0.0450223,-0.229511
-0.045275,-0.286694
-0.0451804,-0.341314
-0.0453049,-0.398146
-0.0461769,-0.445429
-0.0476901,-0.458226
-0.0491582,-0.481065
-0.0504413,-0.509861
-0.0520733,-0.513052
-0.055402,-0.526492
-0.056675,-0.552719
-0.0568581,-0.564296
-0.0570578,-0.575022
-0.0584332,-0.605129
-0.0600853,-0.639343
-0.063964,-0.673183
-0.0661607,-0.716414
-0.0713323,-0.763651
-0.0752536,-0.810278
-0.077825,-0.85071
-0.081414,-0.871846
-0.084992,-0.90024
-0.0877175,-0.922091
-0.0910504,-0.918371
-0.0953214,-0.928353
-0.0985876,-0.953481
-0.102324,-0.968427
-0.106054,-0.992869
-0.109868,-1.02236
-0.114591,-1.03666
-0.116202,-1.047
-0.117191,-1.05432
-0.119782,-1.05943
-0.122919,-1.07849
-0.125748,-1.10998
-0.127337,-1.13214
-0.128681,-1.14677
-0.127645,-1.16003
-0.124735,-1.15224
-0.123306,-1.15431
-0.122901,-1.17989
-0.12249,-1.20249
-0.122422,-1.21348
-0.121269,-1.22642
-0.118868,-1.22348
-0.116502,-1.21171
-0.116093,-1.2185
-0.115843,-1.2306
-0.116646,-1.23123
-0.116687,-1.23358
-0.115816,-1.22925
-0.114352,-1.21947
-0.11394,-1.22026
-0.111934,-1.2268
-0.111593,-1.22619
-0.111137,-1.22325
-0.108922,-1.21358
-0.10564,-1.20175
-0.102212,-1.19634
-0.0996292,-1.18845
-0.0976793,-1.17178
-0.0961374,-1.15753
-0.0941657,-1.13735
-0.0921744,-1.11696
-0.0902162,-1.10667
-0.0885132,-1.09862
-0.0881384,-1.07575
-0.0888449,-1.0578
-0.0853095,-1.03658
-0.0831996,-1.00723
-0.0809254,-0.987057
-0.0776889,-0.978072
-0.0746347,-0.956468
-0.0722394,-0.933388
-0.068796,-0.920296
-0.0635198,-0.885049
-0.0585122,-0.847723
-0.0551734,-0.828552
-0.0521186,-0.812502
-0.0496917,-0.792213
-0.04684,-0.782808
-0.0424497,-0.765115
-0.0362668,-0.724286
-0.0296169,-0.682527
-0.0243069,-0.646013
-0.019983,-0.615807
-0.0168528,-0.599931
-0.0119644,-0.585753
-0.00776809,-0.558869
-0.00181383,-0.534507
0.00297931,-0.499737
0.01041,-0.457613
0.0171077,-0.423547
0.0255803,-0.384981
0.0335547,-0.344098
0.0395067,-0.316793
0.0471896,-0.281294
0.0534077,-0.237409
0.0579328,-0.213858
0.0631928,-0.186322
0.0684853,-0.154036
0.0739666,-0.137722
0.0782703,-0.107351
0.0828454,-0.0696014
0.0867791,-0.0486803
0.09022,-0.0177867
0.0917616,0.0191977
0.0936273,0.0424586
0.0944936,0.0791273
0.0957181,0.123603
0.0954142,0.170481
0.0929376,0.228467
0.090345,0.289042
0.0878464,0.350104
0.0855465,0.412732
0.0821563,0.465904
0.0797781,0.487084
0.0788759,0.520486
0.0785456,0.554347
0.0782844,0.558198
0.0795924,0.574178
0.0811791,0.604699
0.0804204,0.61193
0.0785226,0.61539
0.074978,0.636383
0.0701912,0.652267
0.0642976,0.673996
0.0575406,0.714529
0.0515578,0.752759
0.0469073,0.797837
0.0418634,0.848551
0.0380183,0.892202
0.0354859,0.931909
0.0329221,0.965609
0.0313322,0.980454
0.0294229,0.997166
0.0274155,1.01845
0.0241848,1.02624
0.0202753,1.04212
0.0169332,1.07748
0.0140703,1.10013
0.0112054,1.10737
0.00785306,1.11887
0.00518731,1.12424
0.00342891,1.13014
0.00313032,1.14615
0.00267098,1.17898
0.00226508,1.20534
-7.37723e-05,1.21404
-0.00376007,1.21571
-0.00708024,1.2239
-0.0093897,1.23246
-0.0106121,1.24317
-0.0104474,1.26887
-0.0113586,1.27808
-0.0146684,1.26688
-0.0194752,1.26003
-0.0242914,1.2606
-0.0269705,1.25999
-0.0287548,1.25997
-0.0301357,1.25736
-0.0315608,1.2509
-0.0333375,1.24573
-0.0367796,1.24331
-0.0400305,1.24939
-0.0408804,1.24599
-0.0415386,1.22962
-0.0436207,1.21738
-0.044971,1.21062
-0.0483277,1.19979
-0.0499861,1.19331
-0.0521019,1.18035
-0.0532404,1.15486
-0.0546709,1.1399
-0.0559545,1.12965
-0.0562957,1.11741
-0.0565165,1.11134
-0.0576585,1.09522
-0.0569305,1.06447
-0.0571968,1.03763
-0.0571452,1.01817
-0.0574261,0.991956
-0.055369,0.971837
-0.0530475,0.955545
-0.0502059,0.928521
-0.0503568,0.895037
-0.0500182,0.866022
-0.0507948,0.834332
-0.0496959,0.800293
-0.0468668,0.77951
-0.043023,0.762603
-0.0395999,0.742417
-0.0394507,0.71102
-0.0406,0.668832
-0.0408749,0.616336
-0.0402021,0.557476
-0.0384277,0.505674
-0.0357438,0.478
-0.0336975,0.449709
-0.0333262,0.399907
-0.033152,0.365539
-0.0338091,0.335933
-0.0328911,0.284331
-0.0322299,0.233647
-0.0301316,0.197812
-0.0277619,0.154563
-0.026257,0.104394
-0.0249249,0.0567369
-0.0244426,0.0117144
-0.0222288,-0.0256648
-0.0200571,-0.0628144
-0.0169803,-0.0964523
-0.0138859,-0.12447
-0.0121229,-0.169399
-0.0114649,-0.216634
-0.00922437,-0.271101
-0.00784016,-0.332813
-0.00515465,-0.391507
-0.00177396,-0.427678
0.000504035,-0.458883
0.00171434,-0.497194
0.0015392,-0.509816
0.00105236,-0.521237
0.00106868,-0.543863
0.00203624,-0.552448
0.00389492,-0.566279
0.00533822,-0.597475
0.00549965,-0.631756
0.0059066,-0.671147
0.00608317,-0.720846
0.00493907,-0.768923
0.00371032,-0.809819
0.00229135,-0.847023
-0.000291084,-0.875987
-0.00216718,-0.901577
-0.00339849,-0.922649
-0.00475159,-0.934291
-0.00760604,-0.96154
-0.0103678,-0.998138
-0.013799,-1.0285
-0.017591,-1.05953
-0.020846,-1.08359
-0.025022,-1.09633
-0.02828,-1.10032
-0.0311093,-1.1129
-0.0353082,-1.13223
-0.0410749,-1.16229
-0.0450415,-1.1925
-0.0500402,-1.20474
-0.0533158,-1.22055
-0.0567157,-1.22581
-0.0615223,-1.22812
-0.0685986,-1.2539
-0.0753476,-1.28353
-0.0821136,-1.29277
-0.0867105,-1.30472
-0.0895451,-1.30863
-0.0937047,-1.30289
-0.0978246,-1.31529
-0.102822,-1.33109
-0.108976,-1.33163
-0.114406,-1.33234
-0.117653,-1.33517
-0.120216,-1.33962
-0.122243,-1.34836
-0.124134,-1.34958
-0.12628,-1.35022
-0.126901,-1.34569
-0.128037,-1.34606
-0.126889,-1.35556
-0.124699,-1.35186
-0.121325,-1.33713
-0.119495,-1.3231
-0.116931,-1.31156
-0.114057,-1.31465
-0.110945,-1.317
-0.107857,-1.30192
-0.104561,-1.28163
-0.102719,-1.25971
-0.100819,-1.24496
-0.099406,-1.24289
-0.0974953,-1.22917
-0.095359,-1.20348
-0.093389,-1.17329
-0.0902251,-1.14898
-0.0872667,-1.13722
-0.0834675,-1.12776
-0.0787303,-1.10982
-0.0751113,-1.08657
-0.0713834,-1.04901
-0.0675254,-1.01929
-0.064301,-1.00282
-0.061666,-0.98274
-0.0607054,-0.958377
-0.0579201,-0.930045
-0.0524413,-0.890533
-0.0454835,-0.855576
-0.0400781,-0.829238
-0.0366115,-0.80292
-0.0346046,-0.786077
-0.0342403,-0.759302
-0.0323082,-0.722293
-0.0288314,-0.69763
-0.0236631,-0.655706
-0.0159063,-0.599267
-0.0115096,-0.564506
-0.00751527,-0.532865
-0.0039362,-0.495566
-0.000218019,-0.479376
0.00518103,-0.455772
0.0121462,-0.412971
0.018423,-0.382829
0.0254266,-0.347585
0.0322237,-0.300074
0.0389293,-0.265836
0.0459818,-0.222774
0.0536922,-0.16988
0.0616653,-0.133148
0.0682452,-0.0900657
0.0754858,-0.0423028
0.0800485,-0.019243
0.0838663,0.00738086
0.0881253,0.0392745
0.0914429,0.0530322
0.0938159,0.0846113
0.0955646,0.119274
0.0959685,0.156806
0.0958279,0.210607
0.095147,0.261557
0.0939749,0.312709
0.0925131,0.374176
0.0887338,0.422617
0.0852733,0.442802
0.0836279,0.474709
0.0843017,0.5032
0.0833814,0.503567
0.084607,0.516816
0.0867597,0.540764
0.0869539,0.548181
0.0864113,0.566867
0.0847885,0.600901
0.0800638,0.630395
0.0755125,0.671222
0.068777,0.717337
0.0614663,0.758776
0.0535604,0.801659
0.0479265,0.838015
0.0430456,0.859403
0.0395762,0.879667
0.0373795,0.898051
0.0350305,0.907943
0.0357467,0.927256
0.0370018,0.953604
0.0375461,0.981858
0.0369152,1.01299
0.0355694,1.03595
0.0320381,1.04594
0.0293853,1.05946
0.02798,1.08001
0.0262254,1.09022
0.0251227,1.11252
0.0254777,1.14826
0.0236195,1.16016
0.0217229,1.15978
0.0181156,1.1655
0.0156645,1.16966
0.0130618,1.17378
0.0120851,1.19778
0.010038,1.22565
0.00570453,1.23372
0.00318099,1.22904
2.67685e-05,1.22937
-0.00400132,1.23442
-0.006187,1.24355
-0.00580571,1.25822
-0.00568004,1.26672
-0.0075398,1.26151
-0.00943325,1.25422
-0.0126355,1.25266
-0.0147635,1.26023
-0.0160904,1.26386
-0.0182388,1.25609
-0.0196289,1.24916
-0.0215861,1.24265
-0.0248654,1.23341
-0.0266298,1.23325
-0.028199,1.23002
-0.0289424,1.21177
-0.0304616,1.19736
-0.0325126,1.19652
-0.0338757,1.18846
-0.0343009,1.18039
-0.0344316,1.17027
-0.0352649,1.14802
-0.0354825,1.12594
-0.037037,1.11391
-0.0387551,1.10293
-0.0393919,1.09069
-0.0381962,1.07563
-0.0368302,1.04979
-0.0354982,1.02239
-0.0348992,1.00623
-0.0344442,0.98605
-0.0328799,0.964507
-0.0310944,0.953219
-0.0303067,0.932813
-0.029516,0.897911
-0.0298785,0.865049
-0.0306532,0.837602
-0.0304631,0.800555
-0.0272698,0.777676
-0.0242309,0.767568
-0.021561,0.746655
-0.020135,0.721157
-0.0198952,0.688228
-0.0202922,0.643116
-0.0190631,0.600184
-0.0163237,0.56578
-0.0129713,0.534881
-0.0108347,0.522043
-0.0104598,0.504174
-0.0113244,0.470931
-0.0105982,0.447136
-0.00956256,0.418273
-0.00823784,0.374315
-0.00545352,0.332573
-0.00391586,0.294973
-0.00262619,0.249344
-0.00195166,0.207957
-0.00136952,0.170742
-0.00101025,0.130195
-7.02307e-05,0.101092
0.00291029,0.0708556
0.00479173,0.0341486
0.00734873,0.015509
0.00935032,-0.000421772
0.0112924,-0.0259908
0.0126139,-0.0501608
0.0142167,-0.0780077
0.014857,-0.117092
0.0151392,-0.162269
0.0147251,-0.214773
0.0155103,-0.269861
0.0143796,-0.325798
0.0127521,-0.385556
0.0115547,-0.437126
0.00992649,-0.457623
0.00792979,-0.480757
0.00450893,-0.502509
0.00125755,-0.498542
-0.000981742,-0.504569
-0.00534462,-0.523738
-0.00833917,-0.529708
-0.0108487,-0.538509
-0.0140272,-0.565814
-0.0158292,-0.595828
-0.0200429,-0.624822
-0.0241835,-0.667845
-0.0309883,-0.716434
-0.0375662,-0.76228
-0.0437812,-0.806207
-0.0489586,-0.832615
-0.0544403,-0.858094
-0.0600077,-0.88306
-0.0641303,-0.886268
-0.0704233,-0.891585
-0.0771276,-0.911327
-0.0824023,-0.923588
-0.088437,-0.940356
-0.0953778,-0.974667
-0.101369,-0.995546
-0.106808,-1.0086
-0.113162,-1.02864
-0.117171,-1.02761
-0.121611,-1.03315
-0.125333,-1.05795
-0.129298,-1.08495
-0.132967,-1.10826
-0.135432,-1.12627
-0.136197,-1.13889
-0.134903,-1.13593
-0.133594,-1.13606
-0.133963,-1.14769
-0.134468,-1.16839
-0.13308,-1.18064
-0.130732,-1.18409
-0.127178,-1.18833
-0.122027,-1.17868
-0.117636,-1.17591
-0.115958,-1.19088
-0.115068,-1.20456
-0.115325,-1.2049
-0.113636,-1.2045
-0.111583,-1.19317
-0.109487,-1.18145
-0.108847,-1.18107
-0.109117,-1.18557
-0.109159,-1.18085
-0.106658,-1.17326
-0.103289,-1.15826
-0.0983586,-1.14913
-0.0939535,-1.14682
-0.0899323,-1.14242
-0.0879607,-1.13774
-0.085575,-1.12992
-0.0819042,-1.10592
-0.0773855,-1.09016
-0.0745009,-1.08105
-0.0729608,-1.06777
-0.072048,-1.05624
-0.0711211,-1.04533
-0.0681381,-1.01627
-0.0638544,-0.991451
-0.0601274,-0.9755
-0.0571048,-0.956965
-0.0544814,-0.944429
-0.0518836,-0.930381
-0.0485136,-0.905174
-0.0424832,-0.871518
-0.0359788,-0.836884
-0.0301573,-0.806534
-0.0277462,-0.79264
-0.0250068,-0.780043
-0.0229152,-0.757034
-0.0182255,-0.741916
-0.00960924,-0.708267
0.000207787,-0.65674
0.00815485,-0.624371
0.0141696,-0.6006
0.0182693,-0.570222
0.0232006,-0.55674
0.0299627,-0.540956
0.0394403,-0.500438
0.0482788,-0.472533
0.055988,-0.442037
0.061563,-0.399938
0.065831,-0.368666
0.0723425,-0.331372
0.0784113,-0.282301
0.0846477,-0.247314
0.0911338,-0.211316
0.0964992,-0.172814
0.100364,-0.155331
0.102315,-0.131092
0.103691,-0.0959711
0.102057,-0.0794699
0.0985368,-0.0586357
0.0953209,-0.0305959
0.0904001,-0.0195216
0.0864331,2.0966e-05
0.0840131,0.0301754
0.0828153,0.0587897
0.0842381,0.0992749
0.0837202,0.14316
0.0817939,0.193151
0.0793768,0.250888
0.0778476,0.308589
0.0754395,0.359959
0.0740527,0.417668
0.0718025,0.468642
0.0680316,0.486721
0.0663829,0.505534
0.0662691,0.52944
0.0665726,0.52303
0.0682351,0.522718
0.0714251,0.539158
0.0735883,0.538045
0.0737275,0.537569
0.0733166,0.561045
0.0698919,0.585595
0.066242,0.612172
0.0622164,0.652568
0.0560323,0.694382
0.0503152,0.734964
0.0434756,0.78098
0.0376575,0.81742
0.0338735,0.846731
0.0283921,0.868658
0.0226498,0.867478
0.0190584,0.868274
0.0164468,0.879243
0.0140382,0.884491
0.0129736,0.896438
0.0123574,0.924876
0.0104465,0.950003
0.00690988,0.963588
0.00363001,0.975071
0.000549429,0.977718
-0.00192048,0.986144
-0.00433056,1.00211
-0.00698409,1.01546
-0.00877147,1.04709
-0.0113847,1.0742
-0.0161602,1.07505
-0.0196239,1.06992
-0.0235597,1.07318
-0.0271312,1.06851
-0.0297638,1.0667
-0.0322618,1.09157
-0.0345575,1.11068
-0.0386538,1.10729
-0.044383,1.09778
-0.0486262,1.09561
-0.0523531,1.09279
-0.0555734,1.09208
-0.0564575,1.11371
-0.05702,1.12932
-0.0599711,1.1202
-0.0649257,1.10017
-0.0681874,1.09122
-0.0702778,1.08112
-0.0719338,1.07154
-0.0707143,1.07968
-0.070273,1.07813
-0.0721832,1.05928
-0.0757803,1.03963
-0.078695,1.02888
-0.0798788,1.01624
-0.0793865,1.01472
-0.0788962,1.01638
-0.0783798,1.00661
-0.0801766,0.984425
-0.0839206,0.958743
-0.0857335,0.935824
-0.0851734,0.916126
-0.0836037,0.912232
-0.0812515,0.911757
-0.08001,0.89862
-0.0798035,0.869752
-0.0814754,0.837419
-0.0824394,0.811698
-0.0817294,0.784451
-0.0785721,0.777034
-0.0754544,0.779247
-0.0739406,0.761209
-0.0742502,0.735563
-0.0748297,0.702934
-0.0757405,0.660395
-0.0749074,0.622834
-0.0736887,0.595229
-0.0716939,0.569911
-0.0700392,0.555775
-0.0693834,0.543524
-0.0682847,0.518466
-0.0670894,0.500236
-0.0652588,0.478443
-0.0634639,0.444024
-0.0614612,0.407115
-0.0607629,0.369962
-0.0598291,0.330424
-0.0595192,0.296009
-0.0589461,0.263067
-0.0583237,0.229409
-0.056609,0.204418
-0.0550167,0.179069
-0.0539123,0.151113
-0.0514722,0.13225
-0.0497421,0.114272
-0.0472188,0.0898246
-0.0458284,0.0746164
-0.0452745,0.0584497
-0.0439129,0.031036
-0.0424615,0.00900771
-0.0410615,-0.0154329
-0.0391408,-0.0475657
-0.0373694,-0.0798182
-0.0374419,-0.11937
-0.0375757,-0.167727
-0.0378287,-0.221365
-0.0377936,-0.280521
-0.0378556,-0.33813
-0.036236,-0.383394
-0.0370377,-0.424778
-0.0375532,-0.45654
-0.0377341,-0.462121
-0.0410017,-0.479713
-0.0443858,-0.498442
-0.0461076,-0.492137
-0.0489648,-0.494199
-0.0492899,-0.513346
-0.0493218,-0.519836
-0.0492821,-0.527824
-0.0497958,-0.550402
-0.0502078,-0.569175
-0.0528624,-0.587062
-0.0549532,-0.615969
-0.0566114,-0.647072
-0.0592635,-0.680623
-0.0616696,-0.718146
-0.0647735,-0.753627
-0.0670217,-0.789764
-0.0693104,-0.811616
-0.0720263,-0.823281
-0.0729693,-0.839229
-0.0751773,-0.846116
-0.0773301,-0.836681
-0.0792488,-0.847703
-0.0801187,-0.86981
-0.0825859,-0.884657
-0.085114,-0.909266
-0.0870814,-0.932431
-0.0892035,-0.943551
-0.0904376,-0.953015
-0.0915534,-0.954917
-0.0943607,-0.950489
-0.0954379,-0.961376
-0.0967693,-0.979927
-0.0988142,-0.998296
-0.0999472,-1.00873
-0.100551,-1.01806
-0.100369,-1.01743
-0.0992936,-1.0074
-0.0995952,-1.01083
-0.100433,-1.02358
-0.101673,-1.04078
-0.102688,-1.04989
-0.10233,-1.05279
-0.101191,-1.05086
-0.0991364,-1.0311
-0.0971782,-1.01667
-0.0956369,-1.02201
-0.0952777,-1.03169
-0.0950329,-1.03011
-0.0943109,-1.0283
-0.0915097,-1.01951
-0.0891459,-0.990867
-0.0861813,-0.974227
-0.0854294,-0.97555
-0.084396,-0.985171
-0.0833801,-0.984876
-0.0813126,-0.977768
-0.0788479,-0.97058
-0.0756761,-0.942238
-0.0720597,-0.916415
-0.0697177,-0.909829
-0.0691495,-0.910099
-0.0701037,-0.901825
-0.0688263,-0.893849
-0.0662047,-0.882072
-0.0636328,-0.847221
-0.0607258,-0.813533
-0.0602739,-0.795607
-0.0605877,-0.78262
-0.0594276,-0.778302
-0.0571716,-0.769382
-0.0542026,-0.748398
-0.0507804,-0.728154
-0.0471272,-0.696217
-0.0424677,-0.658864
-0.03904,-0.635876
-0.036336,-0.615103
-0.0321358,-0.587243
-0.0280957,-0.576636
-0.0231086,-0.559201
-0.0178668,-0.528554
-0.0131574,-0.509988
-0.00906877,-0.482903
-0.00393441,-0.443418
0.00307061,-0.408312
0.00995199,-0.374187
0.0161064,-0.338949
0.0219428,-0.318146
0.0277464,-0.294038
0.0323479,-0.26807
0.0363683,-0.253439
0.0414439,-0.228047
0.0466711,-0.20384
0.0512465,-0.189347
0.0565307,-0.164192
0.0620964,-0.129892
0.0670093,-0.10313
0.0723238,-0.0684691
0.0769425,-0.0316472
0.0818309,-0.0143822
0.0850836,0.00854693
0.0872639,0.0348462
0.0887515,0.0521138
0.0910935,0.084997
0.0921182,0.1209
0.0918286,0.162317
0.0910083,0.20943
0.0896959,0.256961
0.0887841,0.302558
0.087906,0.350831
0.0862338,0.391576
0.0843415,0.404687
0.0830151,0.422818
0.0819716,0.439077
0.0801585,0.437764
0.0799975,0.449679
0.0806691,0.472004
0.0805005,0.481771
0.0793611,0.492973
0.0777095,0.513095
0.0751978,0.523718
0.0714837,0.535969
0.0679322,0.556503
0.0629337,0.576237
0.0578026,0.602223
0.0533373,0.629383
0.0482231,0.65118
0.0427605,0.680274
0.0381073,0.712666
0.0345136,0.741893
0.0310964,0.773488
0.0290615,0.797868
0.0252582,0.80662
0.0223092,0.808873
0.0186575,0.810454
0.0155275,0.807598
0.013596,0.81362
0.0122847,0.825105
0.0113849,0.84022
0.0100965,0.865541
0.0081712,0.885733
0.00531667,0.894472
0.00468314,0.901578
0.00239222,0.90367
0.000962381,0.897685
-0.00084913,0.898876
-0.00248657,0.908993
-0.00465234,0.925315
-0.00745007,0.944526
-0.010209,0.953601
-0.0131723,0.952703
-0.0166614,0.946665
-0.0184145,0.943703
-0.0207461,0.938253
-0.0219645,0.938483
-0.0233654,0.955177
-0.0264023,0.968243
-0.0309,0.964458
-0.0349936,0.951945
-0.0394306,0.936742
-0.0422859,0.923778
-0.0434688,0.912852
-0.0454991,0.914764
-0.0460087,0.930102
-0.0486921,0.931197
-0.0528277,0.918425
-0.0570019,0.902349
-0.059655,0.885796
-0.0612192,0.869999
-0.0620857,0.857743
-0.0613883,0.862931
-0.0615387,0.873632
-0.0640716,0.867928
-0.0672374,0.849674
-0.069912,0.825243
-0.071902,0.797165
-0.072058,0.770226
-0.0713127,0.75058
-0.0699797,0.744459
-0.069433,0.742607
-0.0702848,0.73571
-0.0717062,0.719649
-0.0725145,0.697025
-0.0732144,0.666803
-0.0727246,0.636226
-0.0711848,0.614502
-0.06897,0.595387
-0.0690539,0.577827
-0.0685501,0.567049
-0.0691286,0.561198
-0.068457,0.54705
-0.0675903,0.526891
-0.0652471,0.507777
-0.0632607,0.480345
-0.0626128,0.44088
-0.0607428,0.406346
-0.0606897,0.376285
-0.0595855,0.344128
-0.05993,0.318809
-0.0601136,0.296958
-0.0588148,0.270634
-0.0578517,0.25543
-0.0570917,0.242675
-0.0558509,0.222368
-0.054153,0.20533
-0.0530818,0.187096
-0.0534351,0.158928
-0.0538402,0.130883
-0.0525822,0.102506
-0.0514142,0.0704535
-0.0498678,0.0477206
-0.0480751,0.0254132
-0.0469255,0.00303312
-0.0451214,-0.0119255
-0.0450736,-0.0363521
-0.0445089,-0.0641688
-0.0434735,-0.0932694
-0.0427234,-0.129134
-0.0421036,-0.168202
-0.0415166,-0.21188
-0.0416571,-0.259925
-0.0418671,-0.307803
-0.0417079,-0.342489
-0.0420376,-0.372277
-0.0414837,-0.397318
-0.0420381,-0.397661
-0.0429824,-0.402092
-0.0452647,-0.411682
-0.0474238,-0.409366
-0.0498331,-0.416506
-0.0503654,-0.436877
-0.051162,-0.454238
-0.0510062,-0.465413
-0.052475,-0.485485
-0.054926,-0.505989
-0.0568482,-0.523438
-0.0595036,-0.546699
-0.0614498,-0.567139
-0.0638012,-0.584655
-0.0655424,-0.59984
-0.0665579,-0.615892
-0.0675773,-0.638335
-0.0695293,-0.659553
-0.0716322,-0.681173
-0.0756134,-0.711479
-0.0789146,-0.741886
-0.0816754,-0.752261
-0.0829605,-0.763992
-0.0844248,-0.780535
-0.0855385,-0.773482
-0.0868478,-0.763958
-0.0883404,-0.771
-0.0898814,-0.776689
-0.0914989,-0.780988
-0.0920294,-0.801826
-0.0928067,-0.826552
-0.0933706,-0.833041
-0.0940364,-0.841316
-0.0949501,-0.847936
-0.0942353,-0.842389
-0.0935564,-0.837821
-0.0944294,-0.844296
-0.0953073,-0.858545
-0.0959704,-0.875242
-0.095582,-0.890867
-0.0950694,-0.898589
-0.094728,-0.90051
-0.0935085,-0.888254
-0.0928802,-0.87187
-0.0933662,-0.865472
-0.0933392,-0.862045
-0.092653,-0.865651
-0.0909469,-0.874993
-0.0887185,-0.873141
-0.0870071,-0.868283
-0.0854851,-0.861484
-0.0838382,-0.840858
-0.0823761,-0.827087
-0.0813453,-0.826957
-0.0802586,-0.828501
-0.079495,-0.832516
-0.0785273,-0.830591
-0.0762593,-0.823521
-0.0741283,-0.811491
-0.0709324,-0.787847
-0.068138,-0.76495
-0.0663745,-0.753803
-0.0645835,-0.743697
-0.0641165,-0.741559
-0.0619191,-0.737763
-0.0591539,-0.720161
-0.0571082,-0.705827
-0.0540643,-0.687895
-0.0503744,-0.658316
-0.048249,-0.634981
-0.0455913,-0.619623
-0.0444249,-0.599835
-0.0425045,-0.588006
-0.038615,-0.583847
-0.0355754,-0.570839
-0.0338253,-0.557139
-0.0303397,-0.541643
-0.0269305,-0.518042
-0.0241887,-0.495128
-0.0214907,-0.463018
-0.0170099,-0.428102
-0.0133005,-0.400557
-0.00787464,-0.37221
